timestamp	experiment	change_desc	score_before	score_after	train_cagr	train_dd	train_calmar	val_cagr	val_dd	val_calmar	result	rationale
2026-03-27 10:50:32	1	Strategy A vix_exit: 25 → 23	0.49642	0.47103	26.24%	38.42%	0.683	18.03%	55.49%	0.325	FAIL	Val period MaxDD (55.5%) is significantly higher than train MaxDD (39.1%), driven by COVID crash. Strategy A is the aggressive component with 75% allo
2026-03-27 10:50:38	2	Regime vix_hi_vol: 25.0 → 23.0	0.49642	0.45520	29.81%	39.06%	0.763	15.06%	55.49%	0.272	FAIL	Val period MaxDD 55.5% is the bottleneck (COVID crash). Lowering vix_hi_vol threshold triggers high_vol regime earlier, shifting allocation toward def
2026-03-27 10:50:47	3	Allocation high_vol: (0.30, 0.70) → (0.25, 0.75)	0.49706	0.49706	29.64%	38.48%	0.770	17.90%	55.83%	0.321	WIN	Val MaxDD (55.5%) is the primary bottleneck, driven by COVID crash where VIX hit 89. Reducing Strategy A weight from 30% to 25% in high_vol regime shi
2026-03-27 10:50:54	4	Strategy B crash_brake_pct: 0.30 → 0.35	0.49706	0.00000	22.00%	35.71%	0.616	-1.04%	52.69%	-0.020	VETO	cagr=0.2200 < 0.24 (veto) | sharpe=0.7779 < 0.8 (veto) | cagr=-0.0104 < 0.12 (veto) | calmar=-0.0198 < 0.2 (veto)
2026-03-27 10:51:01	5	Strategy A confirm_bars: 2 → 1	0.49706	0.48767	29.09%	40.70%	0.715	18.58%	55.83%	0.333	FAIL	Val MaxDD (55.5%) is the bottleneck. Strategy A (aggressive) needs faster exits during volatility spikes. Reducing confirm_bars from 2→1 allows quicke
2026-03-27 15:04:56	1	Strategy B vix_exit: 28 → 27	0.49706	0.49180	26.42%	35.03%	0.754	17.90%	55.83%	0.321	FAIL	Val MaxDD (55.5%) is the primary bottleneck. Strategy B (defensive) is weighted 75% during high_vol regime after exp #3 win. Lowering B's vix_exit fro
2026-03-27 15:05:03	2	Strategy A max_position_pct: 0.90 → 0.85	0.49706	0.48806	29.14%	37.89%	0.769	17.08%	55.15%	0.310	FAIL	Val MaxDD (55.5%) is the primary bottleneck limiting composite score. Strategy A is the aggressive component with 90% position sizing. Reducing to 85%
2026-03-27 15:05:11	3	Regime vix_bull: 18.0 → 19.0	0.49706	0.48436	29.63%	40.38%	0.734	17.86%	55.83%	0.320	FAIL	Val period MaxDD is 55.5% (COVID-driven). Raising vix_bull threshold from 18→19 makes the regime detector exit 'bull' mode slightly earlier during VIX
2026-03-27 15:05:24	4	Strategy B ma_long: 150 → 175	0.49706	0.45998	27.08%	37.80%	0.717	16.53%	55.98%	0.295	FAIL	Val MaxDD (55.5%) is the bottleneck. Strategy B dominates during high_vol regime (75% weight post-win #3). Increasing B's MA from 150→175 makes it mor
2026-03-27 15:05:32	5	Regime vix_hi_vol: 25.0 → 26.0	0.49706	0.46845	29.62%	38.48%	0.770	15.92%	55.83%	0.285	FAIL	Val MaxDD (55.5%) is the bottleneck—COVID drove VIX to 89. Raising vix_hi_vol threshold delays shift to defensive high_vol regime, keeping more alloca
2026-03-27 15:05:49	6	Strategy B max_position_pct: 0.70 → 0.65	0.49706	0.43717	26.74%	35.33%	0.757	13.16%	52.12%	0.253	FAIL	Val MaxDD (55.5%) is the main bottleneck. Strategy B is defensive and gets higher weight in high_vol regimes where crashes occur. Reducing B's max pos
2026-03-27 15:06:03	7	Strategy B vix_exit: 28 → 26	0.49706	0.49135	29.25%	38.85%	0.753	17.90%	55.83%	0.321	FAIL	Val MaxDD (55.5%) is the key bottleneck. Strategy B is our defensive strategy with 75% weight in high_vol regime. Lowering its vix_exit from 28→26 mak
2026-03-27 15:06:10	8	Strategy A ma_long: 200 → 180	0.50054	0.50054	28.92%	34.51%	0.838	16.74%	56.00%	0.299	WIN	Val MaxDD (55.5%) is the bottleneck. A shorter MA for the aggressive strategy (A) will exit positions faster during downturns like COVID, reducing dra
2026-03-27 15:06:25	9	Strategy A vix_reentry: 22 → 23	0.51237	0.51237	28.92%	34.51%	0.838	17.54%	56.00%	0.313	WIN	Val MaxDD (56.00%) exceeds baseline. Raising vix_reentry threshold makes Strategy A more conservative about re-entering after VIX spikes, reducing whi
2026-03-27 15:06:33	10	Strategy B vix_reentry: 22 → 24	0.52338	0.52338	28.92%	34.51%	0.838	18.30%	56.00%	0.327	WIN	Strategy A's vix_reentry increase from 22→23 was our best win (+3% composite). Strategy B is defensive and dominates high_vol allocation (75%). Raisin
2026-03-27 15:06:48	11	Strategy A vix_reentry: 23 → 24	0.52338	0.00000	0.00%	0.00%	0.000	0.00%	0.00%	0.000	ERROR	patch: Substitution produced no change (new_value may already match current)
2026-03-27 15:07:04	12	Strategy A vix_exit: 25 → 26	0.52338	0.49771	29.45%	38.85%	0.758	18.30%	56.00%	0.327	FAIL	Progressive vix_reentry increases (22→23→24) improved scores by keeping positions longer. With A vix_reentry now at 23 and vix_exit at 25, the 2-point
2026-03-27 15:07:17	13	Strategy A vix_exit: 25 → 24	0.52338	0.00000	0.00%	0.00%	0.000	0.00%	0.00%	0.000	SKIP	Strategy A vix_reentry must be < vix_exit (re-enter before exit triggers again)
2026-03-27 15:07:32	14	Strategy B vix_reentry: 24 → 23	0.52338	0.51237	28.92%	34.51%	0.838	17.54%	56.00%	0.313	FAIL	Previous move 22→24 improved val CAGR significantly. Testing 23 to find optimal re-entry point for defensive strategy. Earlier re-entry (23 vs 24) sho
2026-03-27 15:07:47	15	Strategy B vix_exit: 28 → 29	0.52338	0.49415	29.61%	39.63%	0.747	18.30%	56.00%	0.327	FAIL	Strategy B's recent vix_reentry increase to 24 created a 4-point spread (28-24). Raising exit to 29 maintains this healthy hysteresis while allowing B
2026-03-27 15:08:01	16	Strategy B vix_exit: 28 → 30	0.52338	0.49415	29.61%	39.63%	0.747	18.30%	56.00%	0.327	FAIL	With B's vix_reentry now at 24, the current 4-point gap (24-28) is too narrow and may cause churn. Widening to 30 gives the defensive strategy more ro
2026-03-27 15:08:18	17	Strategy B ma_long: 150 → 160	0.52338	0.51179	30.06%	38.40%	0.783	18.76%	56.08%	0.335	FAIL	Val MaxDD at 56% is near veto limit. Strategy B (defensive) gets 75% weight in high_vol regimes. Increasing its MA from 150 to 160 makes it slightly m
2026-03-27 15:09:48	18	Strategy B ma_long: 150 → 140	0.52338	0.51774	31.75%	38.34%	0.828	17.37%	53.64%	0.324	FAIL	Val MaxDD (56.00%) is the binding constraint. Strategy B is defensive and gets 75% allocation in high-vol regimes. Shortening its MA to 140 makes it e
2026-03-27 15:10:03	19	Strategy B vix_reentry: 24 → 25	0.52338	0.00000	0.00%	0.00%	0.000	0.00%	0.00%	0.000	SKIP	Strategy B vix_reentry must be < vix_exit
2026-03-27 15:10:17	20	Strategy B vix_exit: 28 → 26	0.52338	0.00000	0.00%	0.00%	0.000	0.00%	0.00%	0.000	SKIP	duplicate
2026-03-27 15:10:32	21	Regime vix_bull: 18.0 → 17.0	0.52338	0.49987	28.96%	34.77%	0.833	16.76%	55.86%	0.300	FAIL	Lowering bull threshold classifies more calm periods as bull regime, increasing allocation to Strategy A (now better tuned with vix_reentry=23). This 
2026-03-27 15:10:46	22	Strategy A vix_reentry: 23 → 22	0.52338	0.50054	28.92%	34.51%	0.838	16.74%	56.00%	0.299	FAIL	Widen the exit/reentry gap from 2 points to 3 points (25→22) to reduce whipsaw during VIX volatility. The tight current gap may cause premature re-ent
2026-03-27 15:11:04	23	Strategy B ma_long: 150 → 130	0.52338	0.51463	30.24%	38.34%	0.789	18.01%	53.64%	0.336	FAIL	Val MaxDD at 56% is approaching veto limit. Making defensive Strategy B more responsive to trend breaks (shorter MA) should reduce drawdown during bea
2026-03-27 15:11:20	24	Strategy B confirm_bars: 4 → 3	0.52338	0.49729	28.18%	35.69%	0.790	17.54%	56.00%	0.313	FAIL	Val MaxDD at 56.00% is the bottleneck. Strategy B is our defensive layer (75% weight in high_vol). Reducing confirm_bars from 4→3 allows faster exit r
2026-03-27 15:11:35	25	Strategy A ma_long: 180 → 170	0.52338	0.48827	27.42%	38.40%	0.714	18.70%	56.00%	0.334	FAIL	Exp #8 showed ma_long 200→180 improved composite score. Further reducing to 170 makes Strategy A more responsive to trend changes, potentially reducin
2026-03-27 15:11:54	26	Strategy A ma_long: 180 → 190	0.56720	0.56720	28.52%	34.51%	0.826	21.81%	56.02%	0.389	WIN	Train MaxDD is well-controlled at 34.51%, but val MaxDD at 56.0% is near the limit. Lengthening A's MA from 180→190 should reduce false trend signals 
2026-03-27 15:12:10	27	Strategy A ma_long: 190 → 200	0.56720	0.51897	29.64%	38.48%	0.770	19.52%	55.83%	0.350	FAIL	Exp #26 showed massive improvement (0.52→0.57) moving from 180→190, with val CAGR jumping to 21.81%. Continuing this trend to 200 may further reduce w
2026-03-27 15:13:35	28	Strategy A ma_long: 190 → 195	0.56720	0.54114	29.84%	38.48%	0.775	21.14%	55.98%	0.378	FAIL	ma_long 190 was the biggest win (+0.044 composite). Testing 200 failed. 195 splits the difference to capture potential remaining gains in the sweet sp
2026-03-27 15:13:50	29	Strategy A vix_reentry: 23 → 24	0.56720	0.00000	0.00%	0.00%	0.000	0.00%	0.00%	0.000	SKIP	duplicate
2026-03-27 15:14:08	30	Strategy A vix_reentry: 24 → 22	0.56720	0.54589	28.52%	34.51%	0.826	20.20%	56.02%	0.361	FAIL	Current 1-point gap (exit 25, reentry 24) causes rapid cycling. Widening to 3-point hysteresis (25→22) keeps aggressive strategy defensive longer duri
2026-03-27 15:15:00	31	Allocation uncertain: (0.50, 0.50) → (0.45, 0.55)	0.56720	0.55367	28.75%	34.48%	0.834	20.58%	55.97%	0.368	FAIL	Val MaxDD at 56.02% is near veto limit. Uncertain regime (VIX 18-25) covers much of val period volatility. Shifting 5% more weight to defensive Strate
2026-03-27 15:15:13	32	Strategy B vix_exit: 28 → 27	0.56720	0.00000	0.00%	0.00%	0.000	0.00%	0.00%	0.000	SKIP	duplicate
2026-03-27 15:15:30	33	Strategy A vix_reentry: 24 → 21	0.56720	0.45908	27.69%	34.89%	0.794	14.87%	56.02%	0.266	FAIL	Val MaxDD (56.02%) is near veto threshold. Widening the VIX exit/reentry gap (25→21) should reduce whipsaw re-entries during COVID volatility, protect
2026-03-27 15:16:07	34	Strategy B max_position_pct: 0.70 → 0.60	0.56720	0.46544	25.20%	32.29%	0.780	14.36%	51.72%	0.278	FAIL	Val MaxDD at 56.02% is dangerously close to veto threshold. Strategy B is the defensive leg with higher weight in uncertain/high-vol regimes. Reducing
2026-03-27 15:16:22	35	Strategy A vix_exit: 25 → 26	0.56720	0.00000	0.00%	0.00%	0.000	0.00%	0.00%	0.000	SKIP	duplicate
2026-03-27 15:16:37	36	Strategy B vix_reentry: 24 → 23	0.56720	0.00000	0.00%	0.00%	0.000	0.00%	0.00%	0.000	SKIP	duplicate
2026-03-27 15:16:52	37	Strategy B ma_long: 150 → 120	0.56720	0.47630	29.64%	38.36%	0.773	15.22%	51.83%	0.294	FAIL	Strategy B (defensive) needs faster trend detection to protect during vol spikes. Previous tests at 130-175 failed; going to 120 makes it more respons
2026-03-27 15:17:11	38	Strategy B ma_long: 150 → 180	0.56720	0.52338	28.92%	34.51%	0.838	18.30%	56.00%	0.327	FAIL	Val MaxDD (56.02%) is the binding constraint. Strategy B is defensive and gets 75% weight in high_vol regimes. Longer MA (180) makes it slower to reac
2026-03-27 15:17:25	39	Allocation bull: (0.75, 0.25) → (0.70, 0.30)	0.56720	0.55581	28.36%	34.52%	0.821	21.03%	55.93%	0.376	FAIL	Val MaxDD at 56% is the bottleneck limiting Calmar. Shifting 5% more weight to defensive Strategy B during bull regimes should reduce exposure to sudd
2026-03-27 15:17:41	40	Strategy B vix_reentry: 24 → 25	0.56720	0.00000	0.00%	0.00%	0.000	0.00%	0.00%	0.000	SKIP	Strategy B vix_reentry must be < vix_exit
2026-03-27 15:17:56	41	Strategy B ma_long: 150 → 145	0.56720	0.50672	31.01%	38.34%	0.809	17.81%	56.09%	0.318	FAIL	Val MaxDD at 56.02% is near the veto threshold. Strategy B is defensive and dominates during high_vol regimes (COVID crash). A slightly shorter MA (14
2026-03-27 15:18:12	42	Regime vix_smooth: 5 → 4	0.56720	0.54625	28.56%	34.51%	0.828	20.15%	55.88%	0.360	FAIL	Val MaxDD (56%) is the primary bottleneck. Reducing VIX smoothing from 5 to 4 days makes regime detection more responsive to volatility spikes, partic
2026-03-27 15:18:25	43	Strategy A vix_exit: 25 → 24	0.56720	0.00000	0.00%	0.00%	0.000	0.00%	0.00%	0.000	SKIP	Strategy A vix_reentry must be < vix_exit (re-enter before exit triggers again)
2026-03-27 15:18:42	44	Strategy B confirm_bars: 4 → 5	0.56720	0.54946	27.61%	35.92%	0.769	22.01%	56.02%	0.393	FAIL	Val MaxDD (56%) is the bottleneck. Strategy B (defensive) needs more confirmation before re-entering during volatile periods like COVID. Increasing fr
2026-03-27 15:18:56	45	Strategy A confirm_bars: 2 → 1	0.56720	0.00000	0.00%	0.00%	0.000	0.00%	0.00%	0.000	SKIP	duplicate
2026-03-27 15:19:13	46	Strategy A confirm_bars: 2 → 3	0.56720	0.54014	27.78%	35.69%	0.778	21.00%	56.02%	0.375	FAIL	Val MaxDD is 56.02% (near 65% limit). Adding one more confirmation bar to the aggressive strategy reduces premature entries during volatile reversals 
2026-03-27 15:19:20	47	Strategy B vix_exit: 28 → 27	0.56720	0.00000	0.00%	0.00%	0.000	0.00%	0.00%	0.000	SKIP	duplicate
2026-03-27 15:19:37	48	Regime ma_window: 150 → 140	0.57372	0.57372	28.51%	34.49%	0.827	22.31%	56.02%	0.398	WIN	Val MaxDD at 55.98% is the bottleneck. A slightly shorter regime MA window (140 vs 150) will detect bear markets marginally faster, triggering defensi
2026-03-27 15:19:56	49	Allocation high_vol: (0.25, 0.75) → (0.20, 0.80)	0.57372	0.57263	28.51%	34.22%	0.833	22.17%	56.34%	0.394	FAIL	Val MaxDD at 56.02% is dangerously close to 65% veto threshold. High_vol regime is active during COVID crash. Shifting more weight to defensive Strate
2026-03-27 15:20:12	50	Regime ma_window: 140 → 130	0.57649	0.57649	28.47%	34.49%	0.826	22.56%	56.02%	0.403	WIN	Exp #48 showed 150→140 improved val Calmar from 0.368→0.398. Continuing this direction to 130 makes regime shifts faster, helping detect COVID crash e
2026-03-27 15:20:27	51	Regime ma_window: 130 → 120	0.57649	0.54442	27.93%	37.06%	0.754	22.03%	56.02%	0.393	FAIL	Continuing the winning trend from 150→140→130. Faster regime detection should reduce val MaxDD (currently 56.02%, dangerously close to 65% veto) by ex
2026-03-27 15:20:41	52	Strategy A vix_reentry: 24 → 25	0.57649	0.00000	0.00%	0.00%	0.000	0.00%	0.00%	0.000	SKIP	Strategy A vix_reentry must be < vix_exit (re-enter before exit triggers again)
2026-03-27 15:20:55	53	Strategy A vix_exit: 25 → 23	0.57649	0.00000	0.00%	0.00%	0.000	0.00%	0.00%	0.000	SKIP	Strategy A vix_reentry must be < vix_exit (re-enter before exit triggers again)
2026-03-27 15:21:01	54	Strategy A vix_reentry: 24 → 25	0.57649	0.00000	0.00%	0.00%	0.000	0.00%	0.00%	0.000	SKIP	Strategy A vix_reentry must be < vix_exit (re-enter before exit triggers again)
2026-03-27 15:21:08	55	Strategy A vix_reentry: 24 → 23	0.57649	0.56609	28.47%	34.49%	0.826	21.74%	56.02%	0.388	FAIL	Current gap between vix_exit (25) and vix_reentry (24) is only 1 point, creating potential whipsaw. Win #9 showed vix_reentry 22→23 improved score. Re
2026-03-27 15:21:22	56	Allocation uncertain: (0.50, 0.50) → (0.45, 0.55)	0.57649	0.00000	0.00%	0.00%	0.000	0.00%	0.00%	0.000	SKIP	duplicate
2026-03-27 15:21:58	57	Strategy B max_position_pct: 0.70 → 0.75	0.57649	0.53228	27.07%	33.60%	0.806	19.00%	54.04%	0.352	FAIL	Val CAGR (22.56%) has room to grow while MaxDD (56.02%) is within limits. Strategy B dominates uncertain/high_vol regimes. Increasing its position siz
2026-03-27 15:22:13	58	Allocation uncertain: (0.50, 0.50) → (0.45, 0.55)	0.57649	0.00000	0.00%	0.00%	0.000	0.00%	0.00%	0.000	SKIP	duplicate
2026-03-27 15:22:19	59	Strategy A ma_long: 190 → 185	0.57649	0.54750	28.37%	34.49%	0.823	20.42%	56.05%	0.364	FAIL	Recent wins came from shortening ma_window (150→140→130), improving both train and val. Strategy A ma_long at 190 was the last win in that parameter. 
2026-03-27 15:22:36	60	Strategy A ma_long: 190 → 200	0.57649	0.00000	0.00%	0.00%	0.000	0.00%	0.00%	0.000	SKIP	duplicate
2026-03-27 15:22:50	61	Strategy A max_position_pct: 0.90 → 0.85	0.57649	0.00000	0.00%	0.00%	0.000	0.00%	0.00%	0.000	SKIP	duplicate
2026-03-27 15:23:00	62	Allocation bull: (0.75, 0.25) → (0.70, 0.30)	0.57649	0.00000	0.00%	0.00%	0.000	0.00%	0.00%	0.000	SKIP	duplicate
2026-03-27 15:23:06	63	Regime ma_window: 130 → 125	0.57649	0.54965	28.01%	36.35%	0.771	21.96%	56.02%	0.392	FAIL	Recent wins show ma_window reduction (150→140→130) consistently improved composite score. Pattern suggests faster regime detection helps both periods.
2026-03-27 15:23:20	64	Strategy B vix_exit: 28 → 27	0.57649	0.00000	0.00%	0.00%	0.000	0.00%	0.00%	0.000	SKIP	duplicate
2026-03-27 15:23:34	65	Strategy B vix_exit: 28 → 26	0.57649	0.00000	0.00%	0.00%	0.000	0.00%	0.00%	0.000	SKIP	duplicate
2026-03-27 15:24:07	66	Strategy B vix_reentry: 22 → 21	0.57649	0.46557	27.50%	35.28%	0.779	15.58%	56.02%	0.278	FAIL	Strategy B has a 6-point vix_exit/reentry gap (28/22). Lowering reentry to 21 allows faster recovery participation after VIX spikes, especially import
2026-03-27 15:24:13	67	Strategy A ma_long: 190 → 200	0.57649	0.00000	0.00%	0.00%	0.000	0.00%	0.00%	0.000	SKIP	duplicate
2026-03-27 15:24:29	68	Regime vix_smooth: 5 → 3	0.57649	0.56632	28.45%	34.49%	0.825	21.62%	55.60%	0.389	FAIL	Val MaxDD at 56.02% is near veto limit. Reducing VIX smoothing from 5 to 3 makes regime detection more responsive to volatility spikes, helping transi
2026-03-27 15:24:36	69	Strategy B confirm_bars: 4 → 3	0.57649	0.00000	0.00%	0.00%	0.000	0.00%	0.00%	0.000	SKIP	duplicate
2026-03-27 15:24:41	70	Regime vix_bull: 18.0 → 19.0	0.57649	0.00000	0.00%	0.00%	0.000	0.00%	0.00%	0.000	SKIP	duplicate
2026-03-27 15:24:57	71	Strategy B crash_brake_pct: 0.30 → 0.25	0.57649	0.00000	10.70%	33.15%	0.323	2.67%	50.51%	0.053	VETO	cagr=0.1070 < 0.24 (veto) | sharpe=0.5195 < 0.8 (veto) | cagr=0.0267 < 0.12 (veto) | calmar=0.0529 < 0.2 (veto)
2026-03-27 15:25:10	72	Strategy B vix_exit: 28 → 25	0.57649	0.00000	0.00%	0.00%	0.000	0.00%	0.00%	0.000	ERROR	patch: Substitution produced no change (new_value may already match current)
2026-03-27 15:25:16	73	Regime ma_window: 130 → 120	0.57649	0.00000	0.00%	0.00%	0.000	0.00%	0.00%	0.000	SKIP	duplicate
2026-03-27 15:25:30	74	Regime ma_window: 130 → 135	0.57649	0.57396	28.54%	34.49%	0.827	22.31%	56.02%	0.398	FAIL	Recent wins came from lowering ma_window (150→140→130). However, further decreases to 125 and 120 both failed. Testing 135 explores the sweet spot bet
2026-03-27 15:25:49	75	Strategy B vix_reentry: 22 → 23	0.57649	0.56609	28.47%	34.49%	0.826	21.74%	56.02%	0.388	FAIL	Narrowing Strategy B's exit/reentry window (28→23 instead of 28→22) should capture more of post-spike recoveries in val period while crash_brake_pct=0
2026-03-27 15:26:02	76	Strategy A vix_exit: 25 → 23	0.57649	0.00000	0.00%	0.00%	0.000	0.00%	0.00%	0.000	SKIP	Strategy A vix_reentry must be < vix_exit (re-enter before exit triggers again)
2026-03-27 15:26:15	77	Strategy A vix_exit: 25 → 26	0.57649	0.00000	0.00%	0.00%	0.000	0.00%	0.00%	0.000	SKIP	duplicate
2026-03-27 15:27:54	78	Strategy A ma_long: 190 → 195	0.57649	0.00000	0.00%	0.00%	0.000	0.00%	0.00%	0.000	SKIP	duplicate
2026-03-27 15:28:11	79	Strategy B ma_long: 150 → 145	0.57649	0.00000	0.00%	0.00%	0.000	0.00%	0.00%	0.000	SKIP	duplicate
2026-03-27 15:28:24	80	Strategy A confirm_bars: 2 → 1	0.57649	0.00000	0.00%	0.00%	0.000	0.00%	0.00%	0.000	SKIP	duplicate
2026-03-27 15:28:38	81	Allocation high_vol: (0.25, 0.75) → (0.30, 0.70)	0.57649	0.57675	28.48%	34.77%	0.819	22.61%	55.70%	0.406	FAIL	Val MaxDD at 55.5% is the bottleneck. Strategy A (BestCalmar) with stagger_exit but no crash_brake may handle COVID volatility better than Strategy B'
2026-03-27 15:29:11	82	Strategy A vix_reentry: 23 → 24	0.57649	0.00000	0.00%	0.00%	0.000	0.00%	0.00%	0.000	SKIP	duplicate
2026-03-27 15:29:25	83	Strategy A vix_reentry: 24 → 22	0.57649	0.00000	0.00%	0.00%	0.000	0.00%	0.00%	0.000	SKIP	duplicate
2026-03-27 15:29:57	84	Allocation bull: (0.75, 0.25) → (0.70, 0.30)	0.57649	0.00000	0.00%	0.00%	0.000	0.00%	0.00%	0.000	SKIP	duplicate
2026-03-27 15:30:15	85	Strategy B ma_long: 150 → 155	0.57649	0.52865	30.34%	38.78%	0.782	20.03%	56.06%	0.357	FAIL	Val MaxDD (55.6%) is the bottleneck. Strategy B is defensive and gets higher weight during volatility. Slightly lengthening its MA from 150→155 makes 
2026-03-27 15:30:46	86	Allocation uncertain: (0.50, 0.50) → (0.45, 0.55)	0.57649	0.00000	0.00%	0.00%	0.000	0.00%	0.00%	0.000	SKIP	duplicate
2026-03-27 15:31:02	87	Strategy B vix_exit: 28 → 27	0.57649	0.00000	0.00%	0.00%	0.000	0.00%	0.00%	0.000	SKIP	duplicate
2026-03-27 15:31:06	88	Strategy A max_position_pct: 0.90 → 0.85	0.57649	0.00000	0.00%	0.00%	0.000	0.00%	0.00%	0.000	SKIP	duplicate
2026-03-27 15:31:22	89	Regime vix_hi_vol: 25.0 → 24.0	0.57649	0.54940	28.48%	34.49%	0.826	20.48%	56.02%	0.366	FAIL	Val MaxDD (55.7%) is the bottleneck, near veto threshold. Lowering high_vol trigger from 25→24 shifts to defensive allocation (more Strategy B) earlie
2026-03-27 15:31:36	90	Regime vix_smooth: 5 → 4	0.57649	0.00000	0.00%	0.00%	0.000	0.00%	0.00%	0.000	SKIP	duplicate
2026-03-27 15:31:50	91	Strategy A vix_exit: 25 → 26	0.57649	0.00000	0.00%	0.00%	0.000	0.00%	0.00%	0.000	SKIP	duplicate
2026-03-27 15:32:05	92	Strategy A ma_long: 190 → 200	0.57649	0.00000	0.00%	0.00%	0.000	0.00%	0.00%	0.000	SKIP	duplicate
2026-03-27 15:32:13	93	Strategy B confirm_bars: 4 → 3	0.57649	0.00000	0.00%	0.00%	0.000	0.00%	0.00%	0.000	SKIP	duplicate
2026-03-27 15:32:28	94	Strategy B vix_exit: 28 → 26	0.57649	0.00000	0.00%	0.00%	0.000	0.00%	0.00%	0.000	SKIP	duplicate
2026-03-27 15:32:40	95	Strategy A vix_reentry: 24 → 22	0.57649	0.00000	0.00%	0.00%	0.000	0.00%	0.00%	0.000	SKIP	duplicate
2026-03-27 15:32:46	96	Strategy B crash_brake_pct: 0.30 → 0.25	0.57649	0.00000	0.00%	0.00%	0.000	0.00%	0.00%	0.000	SKIP	duplicate
2026-03-27 15:33:17	97	Strategy A vix_exit: 25 → 24	0.57649	0.00000	0.00%	0.00%	0.000	0.00%	0.00%	0.000	SKIP	Strategy A vix_reentry must be < vix_exit (re-enter before exit triggers again)
2026-03-27 15:33:23	98	Strategy B vix_reentry: 22 → 23	0.57649	0.00000	0.00%	0.00%	0.000	0.00%	0.00%	0.000	SKIP	duplicate
2026-03-27 15:33:28	99	Strategy B vix_exit: 28 → 27	0.57649	0.00000	0.00%	0.00%	0.000	0.00%	0.00%	0.000	SKIP	duplicate
2026-03-27 15:33:41	100	Strategy A ma_long: 190 → 195	0.57649	0.00000	0.00%	0.00%	0.000	0.00%	0.00%	0.000	SKIP	duplicate
2026-03-27 15:34:12	101	Strategy A confirm_bars: 2 → 1	0.57649	0.00000	0.00%	0.00%	0.000	0.00%	0.00%	0.000	SKIP	duplicate
2026-03-27 15:34:28	102	Allocation uncertain: (0.50, 0.50) → (0.55, 0.45)	0.58948	0.58948	28.22%	34.51%	0.818	23.82%	56.07%	0.425	WIN	Recent wins show Strategy A optimizations working well. Uncertain regime appears frequently between bull/high_vol transitions. Tilting 5% more toward 
2026-03-27 15:34:41	103	Strategy B vix_reentry: 22 → 21	0.58948	0.00000	0.00%	0.00%	0.000	0.00%	0.00%	0.000	SKIP	duplicate
2026-03-27 15:34:48	104	Strategy B ma_long: 150 → 140	0.58948	0.00000	0.00%	0.00%	0.000	0.00%	0.00%	0.000	SKIP	duplicate
2026-03-27 15:34:59	105	Strategy A vix_reentry: 24 → 23	0.58948	0.00000	0.00%	0.00%	0.000	0.00%	0.00%	0.000	SKIP	duplicate
2026-03-27 15:35:16	106	Strategy B vix_exit: 28 → 31	0.58948	0.55777	28.93%	39.51%	0.732	23.82%	56.07%	0.425	FAIL	Strategy B is now less dominant after uncertain allocation shift to A. Raising B's exit threshold allows it to stay invested longer during moderate VI
2026-03-27 15:35:31	107	Allocation bull: (0.75, 0.25) → (0.70, 0.30)	0.58948	0.00000	0.00%	0.00%	0.000	0.00%	0.00%	0.000	SKIP	duplicate
2026-03-27 15:35:48	108	Strategy A vix_exit: 25 → 27	0.58948	0.54755	25.89%	36.69%	0.706	23.82%	56.07%	0.425	FAIL	Widening the vix_exit/vix_reentry gap (27 vs 24) reduces whipsaw during volatile transitions. This allows Strategy A to stay invested longer before ex
2026-03-27 16:07:42	109	Allocation bull: (0.75, 0.25) → (0.70, 0.30)	0.58948	0.00000	0.00%	0.00%	0.000	0.00%	0.00%	0.000	SKIP	duplicate
2026-03-27 16:07:59	110	Allocation bull: (0.75, 0.25) → (0.80, 0.20)	0.60041	0.60041	28.39%	34.58%	0.821	24.67%	56.16%	0.439	WIN	Train period shows strong performance with room in MaxDD (34.51% vs 42% limit). Increasing Strategy A weight in bull regimes exploits our best-perform
2026-03-27 16:08:11	111	Allocation high_vol: (0.25, 0.75) → (0.30, 0.70)	0.60041	0.00000	0.00%	0.00%	0.000	0.00%	0.00%	0.000	SKIP	duplicate
2026-03-27 16:08:22	112	Allocation high_vol: (0.25, 0.75) → (0.20, 0.80)	0.60041	0.00000	0.00%	0.00%	0.000	0.00%	0.00%	0.000	SKIP	duplicate
2026-03-27 16:08:29	113	Allocation uncertain: (0.55, 0.45) → (0.60, 0.40)	0.61224	0.61224	28.14%	34.63%	0.812	25.93%	56.21%	0.461	WIN	Recent wins came from allocation tuning (#102: uncertain 0.50→0.55, #110: bull 0.75→0.80). Both increased Strategy A weight and improved scores. Uncer
2026-03-27 16:08:42	114	Allocation uncertain: (0.60, 0.40) → (0.65, 0.35)	0.61986	0.61986	27.88%	35.07%	0.795	27.19%	56.26%	0.483	WIN	Continuing the successful pattern of increasing Strategy A weight in uncertain regime. Three consecutive allocation wins (#102, #110, #113) show this 
2026-03-27 16:08:51	115	Allocation bull: (0.80, 0.20) → (0.85, 0.15)	0.63284	0.63284	28.04%	34.86%	0.804	28.06%	56.35%	0.498	WIN	Recent wins show allocation tuning is highly effective: #102, #110, #113, #114 all improved score by shifting weight toward Strategy A. Bull regime al
2026-03-27 16:09:05	116	Allocation high_vol: (0.25, 0.75) → (0.30, 0.70)	0.63284	0.00000	0.00%	0.00%	0.000	0.00%	0.00%	0.000	SKIP	duplicate
2026-03-27 16:09:35	117	Allocation high_vol: (0.25, 0.75) → (0.20, 0.80)	0.63284	0.00000	0.00%	0.00%	0.000	0.00%	0.00%	0.000	SKIP	duplicate
2026-03-27 16:09:47	118	Allocation high_vol: (0.25, 0.75) → (0.20, 0.80)	0.63284	0.00000	0.00%	0.00%	0.000	0.00%	0.00%	0.000	SKIP	duplicate
2026-03-27 16:10:03	119	Regime vix_hi_vol: 25.0 → 26.0	0.63284	0.00000	0.00%	0.00%	0.000	0.00%	0.00%	0.000	SKIP	duplicate
2026-03-27 16:10:16	120	Allocation high_vol: (0.25, 0.75) → (0.20, 0.80)	0.63284	0.00000	0.00%	0.00%	0.000	0.00%	0.00%	0.000	SKIP	duplicate
2026-03-27 16:10:21	121	Regime vix_bull: 18.0 → 17.0	0.63284	0.00000	0.00%	0.00%	0.000	0.00%	0.00%	0.000	SKIP	duplicate
2026-03-27 16:10:53	122	Regime vix_smooth: 5 → 4	0.63284	0.00000	0.00%	0.00%	0.000	0.00%	0.00%	0.000	SKIP	duplicate
2026-03-27 16:11:10	123	Strategy A ma_long: 190 → 180	0.63284	0.58905	28.57%	34.86%	0.820	23.84%	56.33%	0.423	FAIL	Strategy A now carries 85% weight in bull regimes and 65% in uncertain. A shorter MA (180 vs 190) allows earlier trend entries, potentially boosting C
2026-03-27 16:11:18	124	Strategy A ma_long: 190 → 200	0.63284	0.00000	0.00%	0.00%	0.000	0.00%	0.00%	0.000	SKIP	duplicate
2026-03-27 16:11:32	125	Strategy B vix_exit: 28 → 27	0.63284	0.00000	0.00%	0.00%	0.000	0.00%	0.00%	0.000	SKIP	duplicate
2026-03-27 16:11:38	126	Regime ma_window: 130 → 140	0.63284	0.62513	28.10%	35.27%	0.797	27.64%	56.35%	0.490	FAIL	History shows ma_window 130→120 failed, but 140→130 won (exp #89 likely). Current val MaxDD is 56.35% bottleneck. Increasing ma_window smooths regime 
2026-03-27 16:11:45	127	Allocation high_vol: (0.25, 0.75) → (0.30, 0.70)	0.63284	0.00000	0.00%	0.00%	0.000	0.00%	0.00%	0.000	SKIP	duplicate
2026-03-27 16:11:52	128	Allocation high_vol: (0.25, 0.75) → (0.30, 0.70)	0.63284	0.00000	0.00%	0.00%	0.000	0.00%	0.00%	0.000	SKIP	duplicate
2026-03-27 16:11:59	129	Regime ma_window: 130 → 120	0.63284	0.00000	0.00%	0.00%	0.000	0.00%	0.00%	0.000	SKIP	duplicate
2026-03-27 16:12:06	130	Allocation high_vol: (0.25, 0.75) → (0.15, 0.85)	0.63284	0.63315	28.02%	34.16%	0.820	27.85%	56.98%	0.489	FAIL	History shows consistent wins from pushing allocations toward extremes (bull 0.75→0.85, uncertain 0.50→0.65). High-vol regime triggers during VIX spik
2026-03-27 16:12:23	131	Allocation high_vol: (0.25, 0.75) → (0.28, 0.72)	0.63284	0.63155	28.05%	35.18%	0.797	28.09%	56.16%	0.500	FAIL	All recent wins came from shifting toward Strategy A. High_vol is the last allocation lever untested in the winning direction. A modest +3pp increase 
2026-03-27 16:12:41	132	Allocation bull: (0.85, 0.15) → (0.90, 0.10)	0.64476	0.64476	28.20%	34.76%	0.811	28.92%	56.44%	0.512	WIN	Continuing the winning pattern from experiments #110 and #115. Bull regime allocations have improved composite score in each increment (0.75→0.80→0.85
2026-03-27 16:12:56	133	Strategy A vix_reentry: 24 → 23	0.64476	0.00000	0.00%	0.00%	0.000	0.00%	0.00%	0.000	SKIP	duplicate
2026-03-27 16:13:29	134	Strategy A vix_exit: 25 → 23	0.64476	0.00000	0.00%	0.00%	0.000	0.00%	0.00%	0.000	SKIP	Strategy A vix_reentry must be < vix_exit (re-enter before exit triggers again)
2026-03-27 16:13:46	135	Strategy B crash_brake_pct: 0.30 → 0.35	0.64476	0.00000	0.00%	0.00%	0.000	0.00%	0.00%	0.000	SKIP	duplicate
2026-03-27 16:14:02	136	Regime vix_hi_vol: 25.0 → 24.0	0.64476	0.00000	0.00%	0.00%	0.000	0.00%	0.00%	0.000	SKIP	duplicate
2026-03-27 16:14:08	137	Strategy A max_position_pct: 0.90 → 0.85	0.64476	0.00000	0.00%	0.00%	0.000	0.00%	0.00%	0.000	SKIP	duplicate
2026-03-27 16:14:24	138	Strategy B crash_brake_pct: 0.30 → 0.32	0.64476	0.00000	19.10%	37.21%	0.513	1.36%	52.10%	0.026	VETO	cagr=0.1910 < 0.24 (veto) | sharpe=0.7164 < 0.8 (veto) | cagr=0.0136 < 0.12 (veto) | calmar=0.0261 < 0.2 (veto)
2026-03-27 16:14:30	139	Strategy B ma_long: 150 → 160	0.64476	0.00000	0.00%	0.00%	0.000	0.00%	0.00%	0.000	SKIP	duplicate
2026-03-27 16:14:36	140	Strategy B vix_reentry: 22 → 23	0.64476	0.00000	0.00%	0.00%	0.000	0.00%	0.00%	0.000	SKIP	duplicate
2026-03-27 16:14:42	141	Strategy A ma_long: 190 → 195	0.64476	0.00000	0.00%	0.00%	0.000	0.00%	0.00%	0.000	SKIP	duplicate
2026-03-27 16:14:55	142	Allocation uncertain: (0.65, 0.35) → (0.70, 0.30)	0.64476	0.00000	0.00%	0.00%	0.000	0.00%	0.00%	0.000	SKIP	ALLOC_CONFIG.uncertain A-weight 0.7 outside range [0.4, 0.65]
2026-03-27 16:15:10	143	Allocation uncertain: (0.65, 0.35) → (0.60, 0.40)	0.64476	0.63362	28.45%	34.74%	0.819	27.64%	56.39%	0.490	FAIL	Val MaxDD at 56.44% is near veto threshold. Reducing aggressive Strategy A weight in uncertain regimes should lower drawdowns during ambiguous periods
2026-03-27 16:15:18	144	Regime ma_window: 130 → 125	0.64476	0.00000	0.00%	0.00%	0.000	0.00%	0.00%	0.000	SKIP	duplicate
2026-03-27 16:15:30	145	Strategy A ma_long: 190 → 210	0.64476	0.56444	28.34%	39.88%	0.711	25.19%	56.17%	0.448	FAIL	Strategy A now dominates bull allocation (0.90). Increasing ma_long to 210 makes it more selective with longer-term trend confirmation, potentially re
2026-03-27 16:15:45	146	Strategy A vix_reentry: 24 → 22	0.64476	0.00000	0.00%	0.00%	0.000	0.00%	0.00%	0.000	SKIP	duplicate
2026-03-27 16:15:58	147	Strategy B vix_exit: 28 → 26	0.64476	0.00000	0.00%	0.00%	0.000	0.00%	0.00%	0.000	SKIP	duplicate
2026-03-27 16:16:04	148	Regime ma_window: 130 → 135	0.64476	0.00000	0.00%	0.00%	0.000	0.00%	0.00%	0.000	SKIP	duplicate
2026-03-27 16:16:36	149	Regime vix_bull: 18.0 → 19.0	0.64476	0.00000	0.00%	0.00%	0.000	0.00%	0.00%	0.000	SKIP	duplicate
2026-03-27 16:16:41	150	Strategy B vix_exit: 28 → 29	0.64476	0.00000	0.00%	0.00%	0.000	0.00%	0.00%	0.000	SKIP	duplicate
2026-03-27 16:16:47	151	Allocation high_vol: (0.25, 0.75) → (0.20, 0.80)	0.64476	0.00000	0.00%	0.00%	0.000	0.00%	0.00%	0.000	SKIP	duplicate
2026-03-27 16:17:11	152	Strategy A ma_long: 190 → 185	0.64476	0.00000	0.00%	0.00%	0.000	0.00%	0.00%	0.000	SKIP	duplicate
2026-03-27 16:17:17	153	Strategy B max_position_pct: 0.70 → 0.65	0.64476	0.00000	0.00%	0.00%	0.000	0.00%	0.00%	0.000	SKIP	duplicate
2026-03-27 16:17:23	154	Strategy B confirm_bars: 4 → 3	0.64476	0.00000	0.00%	0.00%	0.000	0.00%	0.00%	0.000	SKIP	duplicate
2026-03-27 16:17:37	155	Strategy A vix_exit: 25 → 26	0.64476	0.00000	0.00%	0.00%	0.000	0.00%	0.00%	0.000	SKIP	duplicate
2026-03-27 16:17:42	156	Strategy A vix_exit: 25 → 24	0.64476	0.00000	0.00%	0.00%	0.000	0.00%	0.00%	0.000	SKIP	Strategy A vix_reentry must be < vix_exit (re-enter before exit triggers again)
2026-03-27 16:17:47	157	Regime vix_hi_vol: 25.0 → 26.0	0.64476	0.00000	0.00%	0.00%	0.000	0.00%	0.00%	0.000	SKIP	duplicate
2026-03-27 16:18:01	158	Strategy A vix_reentry: 24 → 25	0.64476	0.00000	0.00%	0.00%	0.000	0.00%	0.00%	0.000	SKIP	Strategy A vix_reentry must be < vix_exit (re-enter before exit triggers again)
2026-03-27 16:18:15	159	Allocation uncertain: (0.65, 0.35) → (0.70, 0.30)	0.64476	0.00000	0.00%	0.00%	0.000	0.00%	0.00%	0.000	SKIP	ALLOC_CONFIG.uncertain A-weight 0.7 outside range [0.4, 0.65]
2026-03-27 16:18:37	160	Regime vix_bull: 18.0 → 19.0	0.64476	0.00000	0.00%	0.00%	0.000	0.00%	0.00%	0.000	SKIP	duplicate
2026-03-27 16:18:52	161	Regime vix_bull: 18.0 → 16.5	0.64476	0.61783	28.33%	35.10%	0.807	26.63%	56.30%	0.473	FAIL	With bull allocation now at 0.90, we need tighter regime protection. Lowering vix_bull to 16.5 exits bull regime earlier when volatility starts rising
2026-03-27 16:19:05	162	Strategy B crash_brake_pct: 0.30 → 0.35	0.64476	0.00000	0.00%	0.00%	0.000	0.00%	0.00%	0.000	SKIP	duplicate
2026-03-27 16:19:20	163	Strategy B crash_brake_pct: 0.30 → 0.32	0.64476	0.00000	0.00%	0.00%	0.000	0.00%	0.00%	0.000	SKIP	duplicate
2026-03-27 16:19:33	164	Strategy A confirm_bars: 2 → 3	0.64476	0.00000	0.00%	0.00%	0.000	0.00%	0.00%	0.000	SKIP	duplicate
2026-03-27 16:19:48	165	Allocation high_vol: (0.25, 0.75) → (0.30, 0.70)	0.64476	0.00000	0.00%	0.00%	0.000	0.00%	0.00%	0.000	SKIP	duplicate
2026-03-27 16:19:58	166	Strategy A vix_reentry: 24 → 23	0.64476	0.00000	0.00%	0.00%	0.000	0.00%	0.00%	0.000	SKIP	duplicate
2026-03-27 16:20:10	167	Strategy A vix_reentry: 24 → 22	0.64476	0.00000	0.00%	0.00%	0.000	0.00%	0.00%	0.000	SKIP	duplicate
2026-03-27 16:20:24	168	Strategy A vix_reentry: 24 → 22	0.64476	0.00000	0.00%	0.00%	0.000	0.00%	0.00%	0.000	SKIP	duplicate
2026-03-27 16:20:29	169	Regime ma_window: 130 → 135	0.64476	0.00000	0.00%	0.00%	0.000	0.00%	0.00%	0.000	SKIP	duplicate
2026-03-27 16:20:42	170	Strategy A vix_reentry: 24 → 22	0.64476	0.00000	0.00%	0.00%	0.000	0.00%	0.00%	0.000	SKIP	duplicate
2026-03-27 16:20:57	171	Strategy B vix_exit: 28 → 29	0.64476	0.00000	0.00%	0.00%	0.000	0.00%	0.00%	0.000	SKIP	duplicate
2026-03-27 16:21:02	172	Strategy B vix_reentry: 22 → 23	0.64476	0.00000	0.00%	0.00%	0.000	0.00%	0.00%	0.000	SKIP	duplicate
2026-03-27 16:21:16	173	Regime vix_bull: 18.0 → 17.5	0.64476	0.64114	28.24%	34.76%	0.812	28.56%	56.44%	0.506	FAIL	With bull allocation now at 0.90 (very aggressive), we need stricter bull regime entry to avoid overexposure during transitional periods. 17.5 is betw
2026-03-27 16:21:30	174	Allocation high_vol: (0.25, 0.75) → (0.20, 0.80)	0.64476	0.00000	0.00%	0.00%	0.000	0.00%	0.00%	0.000	SKIP	duplicate
2026-03-27 16:21:39	175	Strategy B crash_brake_pct: 0.30 → 0.28	0.64476	0.00000	-2.40%	55.74%	-0.043	2.97%	52.10%	0.057	VETO	cagr=-0.0240 < 0.24 (veto) | max_drawdown=0.5574 > 0.42 (veto) | sharpe=0.0844 < 0.8 (veto) | cagr=0.0297 < 0.12 (veto) | calmar=0.0571 < 0.2 (veto)
2026-03-27 16:21:53	176	Allocation uncertain: (0.65, 0.35) → (0.70, 0.30)	0.64476	0.00000	0.00%	0.00%	0.000	0.00%	0.00%	0.000	SKIP	ALLOC_CONFIG.uncertain A-weight 0.7 outside range [0.4, 0.65]
2026-03-27 16:21:59	177	Strategy A vix_exit: 25 → 24	0.64476	0.00000	0.00%	0.00%	0.000	0.00%	0.00%	0.000	SKIP	Strategy A vix_reentry must be < vix_exit (re-enter before exit triggers again)
2026-03-27 16:22:10	178	Strategy A vix_exit: 25 → 24	0.64476	0.00000	0.00%	0.00%	0.000	0.00%	0.00%	0.000	SKIP	Strategy A vix_reentry must be < vix_exit (re-enter before exit triggers again)
2026-03-27 16:22:31	179	Strategy B confirm_bars: 4 → 5	0.64476	0.00000	0.00%	0.00%	0.000	0.00%	0.00%	0.000	SKIP	duplicate
2026-03-27 16:22:44	180	Strategy A vix_reentry: 24 → 21	0.64476	0.00000	0.00%	0.00%	0.000	0.00%	0.00%	0.000	SKIP	duplicate
2026-03-27 16:22:50	181	Strategy B vix_exit: 28 → 29	0.64476	0.00000	0.00%	0.00%	0.000	0.00%	0.00%	0.000	SKIP	duplicate
2026-03-27 16:23:21	182	Strategy B confirm_bars: 4 → 3	0.64476	0.00000	0.00%	0.00%	0.000	0.00%	0.00%	0.000	SKIP	duplicate
2026-03-27 16:23:36	183	Strategy A ma_long: 190 → 200	0.64476	0.00000	0.00%	0.00%	0.000	0.00%	0.00%	0.000	SKIP	duplicate
2026-03-27 16:23:47	184	Strategy A vix_exit: 25 → 23	0.64476	0.00000	0.00%	0.00%	0.000	0.00%	0.00%	0.000	SKIP	Strategy A vix_reentry must be < vix_exit (re-enter before exit triggers again)
2026-03-27 16:23:54	185	Strategy B ma_long: 150 → 170	0.64476	0.55164	27.76%	40.28%	0.689	24.92%	56.42%	0.442	FAIL	Strategy B is the defensive component with 75% weight in high_vol regime. Increasing ma_long from 150 to 170 makes it more conservative by filtering o
2026-03-27 16:24:01	186	Regime ma_window: 130 → 140	0.64476	0.00000	0.00%	0.00%	0.000	0.00%	0.00%	0.000	SKIP	duplicate
2026-03-27 16:24:34	187	Allocation high_vol: (0.25, 0.75) → (0.22, 0.78)	0.64476	0.64454	28.20%	34.60%	0.815	28.87%	56.63%	0.510	FAIL	Val MaxDD (55.5%) is the main constraint. During high_vol regimes (COVID crash), shifting more weight to defensive Strategy B should reduce drawdown. 
2026-03-27 16:24:39	188	Strategy A ma_long: 190 → 185	0.64476	0.00000	0.00%	0.00%	0.000	0.00%	0.00%	0.000	SKIP	duplicate
2026-03-27 16:24:53	189	Strategy A vix_reentry: 24 → 23	0.64476	0.00000	0.00%	0.00%	0.000	0.00%	0.00%	0.000	SKIP	duplicate
2026-03-27 16:25:05	190	Strategy A ma_long: 190 → 195	0.64476	0.00000	0.00%	0.00%	0.000	0.00%	0.00%	0.000	SKIP	duplicate
2026-03-27 16:25:29	191	Strategy A vix_reentry: 24 → 22	0.64476	0.00000	0.00%	0.00%	0.000	0.00%	0.00%	0.000	SKIP	duplicate
2026-03-27 16:25:46	192	Strategy A vix_reentry: 24 → 25	0.64476	0.00000	0.00%	0.00%	0.000	0.00%	0.00%	0.000	SKIP	Strategy A vix_reentry must be < vix_exit (re-enter before exit triggers again)
2026-03-27 16:26:00	193	Strategy A vix_reentry: 24 → 26	0.64476	0.00000	0.00%	0.00%	0.000	0.00%	0.00%	0.000	SKIP	Strategy A vix_reentry must be < vix_exit (re-enter before exit triggers again)
2026-03-27 16:26:30	194	Allocation high_vol: (0.25, 0.75) → (0.24, 0.76)	0.64476	0.64467	28.20%	34.71%	0.812	28.90%	56.50%	0.511	FAIL	Exp #187 with (0.22, 0.78) scored 0.64454 (very close to current 0.64476). Testing intermediate value (0.24, 0.76) to find optimal defensive allocatio
2026-03-27 16:26:38	195	Strategy A max_position_pct: 0.90 → 0.95	0.65642	0.65642	28.70%	35.29%	0.813	30.27%	57.13%	0.530	WIN	Current bottleneck is val CAGR (28.9%) vs train CAGR (28.2%) - both could be higher. Strategy A is the aggressive component weighted heavily in bull r
2026-03-27 16:26:45	196	Strategy B crash_brake_pct: 0.30 → 0.35	0.65642	0.00000	0.00%	0.00%	0.000	0.00%	0.00%	0.000	SKIP	duplicate
2026-03-27 16:26:50	197	Strategy B crash_brake_pct: 0.30 → 0.25	0.65642	0.00000	0.00%	0.00%	0.000	0.00%	0.00%	0.000	SKIP	duplicate
2026-03-27 16:27:17	198	Strategy B vix_reentry: 22 → 23	0.65642	0.00000	0.00%	0.00%	0.000	0.00%	0.00%	0.000	SKIP	duplicate
2026-03-27 16:27:23	199	Strategy B max_position_pct: 0.70 → 0.65	0.65642	0.00000	0.00%	0.00%	0.000	0.00%	0.00%	0.000	SKIP	duplicate
2026-03-27 16:27:29	200	Strategy B vix_exit: 28 → 29	0.65642	0.00000	0.00%	0.00%	0.000	0.00%	0.00%	0.000	SKIP	duplicate
2026-03-27 16:27:43	201	Strategy A vix_exit: 25 → 26	0.65642	0.00000	0.00%	0.00%	0.000	0.00%	0.00%	0.000	SKIP	duplicate
2026-03-27 16:27:49	202	Strategy B ma_long: 150 → 165	0.65642	0.61369	30.92%	41.32%	0.748	28.76%	57.14%	0.503	FAIL	Strategy B (defensive) is 75% of high_vol allocation. History shows B ma_long moves have been tested at 130, 140, 155, 160, 170 but not 165. Exp #185 
2026-03-27 16:28:06	203	Strategy B vix_exit: 28 → 26	0.65642	0.00000	0.00%	0.00%	0.000	0.00%	0.00%	0.000	SKIP	duplicate
2026-03-27 16:28:20	204	Strategy A ma_long: 190 → 200	0.65642	0.00000	0.00%	0.00%	0.000	0.00%	0.00%	0.000	SKIP	duplicate
2026-03-27 16:28:33	205	Strategy A ma_long: 190 → 210	0.65642	0.00000	0.00%	0.00%	0.000	0.00%	0.00%	0.000	SKIP	duplicate
2026-03-27 16:28:40	206	Strategy B confirm_bars: 4 → 3	0.65642	0.00000	0.00%	0.00%	0.000	0.00%	0.00%	0.000	SKIP	duplicate
2026-03-27 16:28:48	207	Strategy A ma_long: 190 → 180	0.65642	0.00000	0.00%	0.00%	0.000	0.00%	0.00%	0.000	SKIP	duplicate
2026-03-27 16:29:05	208	Allocation high_vol: (0.25, 0.75) → (0.27, 0.73)	0.65642	0.65530	28.71%	35.51%	0.808	30.29%	57.02%	0.531	FAIL	Recent wins show increasing Strategy A exposure improves composite score. High_vol regime currently most defensive at 0.25. Exp #194 showed going MORE
2026-03-27 16:29:19	209	Strategy B ma_long: 150 → 145	0.65642	0.00000	0.00%	0.00%	0.000	0.00%	0.00%	0.000	SKIP	duplicate
2026-03-27 16:29:27	210	Strategy B max_position_pct: 0.70 → 0.72	0.65642	0.58457	26.22%	33.47%	0.783	23.40%	53.64%	0.436	FAIL	Current bottleneck is val CAGR (30.27%) which could be higher. Strategy B is the defensive component with 75% weight in high_vol and 35% in uncertain 
2026-03-27 16:29:33	211	Strategy A vix_exit: 25 → 24	0.65642	0.00000	0.00%	0.00%	0.000	0.00%	0.00%	0.000	SKIP	Strategy A vix_reentry must be < vix_exit (re-enter before exit triggers again)
2026-03-27 16:29:47	212	Regime ma_window: 130 → 135	0.65642	0.00000	0.00%	0.00%	0.000	0.00%	0.00%	0.000	SKIP	duplicate
2026-03-27 16:29:53	213	Regime ma_window: 130 → 140	0.65642	0.00000	0.00%	0.00%	0.000	0.00%	0.00%	0.000	SKIP	duplicate
2026-03-27 16:30:07	214	Regime ma_window: 130 → 135	0.65642	0.00000	0.00%	0.00%	0.000	0.00%	0.00%	0.000	SKIP	duplicate
2026-03-27 16:30:12	215	Strategy A vix_reentry: 24 → 25	0.65642	0.00000	0.00%	0.00%	0.000	0.00%	0.00%	0.000	SKIP	Strategy A vix_reentry must be < vix_exit (re-enter before exit triggers again)
2026-03-27 16:30:24	216	Strategy A vix_exit: 25 → 23	0.65642	0.00000	0.00%	0.00%	0.000	0.00%	0.00%	0.000	SKIP	Strategy A vix_reentry must be < vix_exit (re-enter before exit triggers again)
2026-03-27 16:30:32	217	Strategy A ma_long: 190 → 195	0.65642	0.00000	0.00%	0.00%	0.000	0.00%	0.00%	0.000	SKIP	duplicate
2026-03-27 16:30:45	218	Strategy A vix_reentry: 24 → 22	0.65642	0.00000	0.00%	0.00%	0.000	0.00%	0.00%	0.000	SKIP	duplicate
2026-03-27 16:30:59	219	Strategy A vix_reentry: 24 → 21	0.65642	0.00000	0.00%	0.00%	0.000	0.00%	0.00%	0.000	SKIP	duplicate
2026-03-27 16:31:04	220	Strategy B crash_brake_pct: 0.30 → 0.35	0.65642	0.00000	0.00%	0.00%	0.000	0.00%	0.00%	0.000	SKIP	duplicate
2026-03-27 16:31:13	221	Strategy B vix_reentry: 22 → 23	0.65642	0.00000	0.00%	0.00%	0.000	0.00%	0.00%	0.000	SKIP	duplicate
2026-03-27 16:31:27	222	Regime vix_hi_vol: 25.0 → 26.0	0.65642	0.00000	0.00%	0.00%	0.000	0.00%	0.00%	0.000	SKIP	duplicate
2026-03-27 16:31:39	223	Strategy A confirm_bars: 2 → 3	0.65642	0.00000	0.00%	0.00%	0.000	0.00%	0.00%	0.000	SKIP	duplicate
2026-03-27 16:31:51	224	Strategy B vix_exit: 28 → 26	0.65642	0.00000	0.00%	0.00%	0.000	0.00%	0.00%	0.000	SKIP	duplicate
2026-03-27 16:32:04	225	Strategy B vix_exit: 28 → 29	0.65642	0.00000	0.00%	0.00%	0.000	0.00%	0.00%	0.000	SKIP	duplicate
2026-03-27 16:32:18	226	Strategy A vix_reentry: 24 → 23	0.65642	0.00000	0.00%	0.00%	0.000	0.00%	0.00%	0.000	SKIP	duplicate
2026-03-27 16:32:33	227	Strategy A vix_reentry: 24 → 20	0.65642	0.45511	26.67%	37.01%	0.721	16.42%	57.13%	0.287	FAIL	Widen the VIX exit/reentry gap from 1 point to 5 points to reduce whipsaw trades. Strategy A currently exits at VIX=25 and re-enters at VIX=24, creati
2026-03-27 16:32:48	228	Strategy B confirm_bars: 4 → 5	0.65642	0.00000	0.00%	0.00%	0.000	0.00%	0.00%	0.000	SKIP	duplicate
2026-03-27 16:33:02	229	Allocation high_vol: (0.25, 0.75) → (0.20, 0.80)	0.65642	0.00000	0.00%	0.00%	0.000	0.00%	0.00%	0.000	SKIP	duplicate
2026-03-27 16:33:14	230	Strategy B confirm_bars: 4 → 3	0.65642	0.00000	0.00%	0.00%	0.000	0.00%	0.00%	0.000	SKIP	duplicate
2026-03-27 16:33:42	231	Strategy A ma_long: 190 → 200	0.65642	0.00000	0.00%	0.00%	0.000	0.00%	0.00%	0.000	SKIP	duplicate
2026-03-27 16:33:57	232	Strategy B ma_long: 150 → 170	0.65642	0.00000	0.00%	0.00%	0.000	0.00%	0.00%	0.000	SKIP	duplicate
2026-03-27 16:34:28	233	Regime vix_smooth: 5 → 6	0.65642	0.61026	28.63%	35.29%	0.811	26.23%	57.13%	0.459	FAIL	Val period has high MaxDD (55.5%) with COVID volatility. Increasing VIX smoothing from 5 to 6 will reduce false regime switches during noisy VIX spike
2026-03-27 16:34:35	234	Strategy B max_position_pct: 0.70 → 0.65	0.65642	0.00000	0.00%	0.00%	0.000	0.00%	0.00%	0.000	SKIP	duplicate
2026-03-27 16:34:41	235	Regime ma_window: 130 → 135	0.65642	0.00000	0.00%	0.00%	0.000	0.00%	0.00%	0.000	SKIP	duplicate
2026-03-27 16:34:53	236	Strategy A ma_long: 190 → 185	0.65642	0.00000	0.00%	0.00%	0.000	0.00%	0.00%	0.000	SKIP	duplicate
2026-03-27 16:35:00	237	Strategy A vix_exit: 25 → 24	0.65642	0.00000	0.00%	0.00%	0.000	0.00%	0.00%	0.000	SKIP	Strategy A vix_reentry must be < vix_exit (re-enter before exit triggers again)
2026-03-27 16:35:06	238	Strategy B ma_long: 150 → 145	0.65642	0.00000	0.00%	0.00%	0.000	0.00%	0.00%	0.000	SKIP	duplicate
2026-03-27 16:35:19	239	Strategy A vix_exit: 25 → 23	0.65642	0.00000	0.00%	0.00%	0.000	0.00%	0.00%	0.000	SKIP	Strategy A vix_reentry must be < vix_exit (re-enter before exit triggers again)
2026-03-27 16:35:25	240	Regime vix_bull: 18.0 → 19.0	0.65642	0.00000	0.00%	0.00%	0.000	0.00%	0.00%	0.000	SKIP	duplicate
2026-03-27 16:35:57	241	Strategy A vix_reentry: 24 → 21	0.65642	0.00000	0.00%	0.00%	0.000	0.00%	0.00%	0.000	SKIP	duplicate
2026-03-27 16:36:10	242	Strategy B crash_brake_pct: 0.30 → 0.35	0.65642	0.00000	0.00%	0.00%	0.000	0.00%	0.00%	0.000	SKIP	duplicate
2026-03-27 16:36:27	243	Strategy A vix_exit: 25 → 26	0.65642	0.00000	0.00%	0.00%	0.000	0.00%	0.00%	0.000	SKIP	duplicate
2026-03-27 16:36:42	244	Strategy B vix_reentry: 22 → 20	0.65642	0.45511	26.67%	37.01%	0.721	16.42%	57.13%	0.287	FAIL	Strategy B needs faster re-entry to capture rebounds after volatility spikes. Val period (with COVID) requires defensive strategy to re-engage quickly
2026-03-27 16:37:16	245	Strategy A ma_long: 190 → 180	0.65642	0.00000	0.00%	0.00%	0.000	0.00%	0.00%	0.000	SKIP	duplicate
2026-03-27 16:37:29	246	Strategy A vix_reentry: 24 → 22	0.65642	0.00000	0.00%	0.00%	0.000	0.00%	0.00%	0.000	SKIP	duplicate
2026-03-27 16:37:34	247	Strategy B vix_exit: 28 → 29	0.65642	0.00000	0.00%	0.00%	0.000	0.00%	0.00%	0.000	SKIP	duplicate
2026-03-27 16:37:40	248	Strategy A vix_reentry: 24 → 23	0.65642	0.00000	0.00%	0.00%	0.000	0.00%	0.00%	0.000	SKIP	duplicate
2026-03-27 16:37:55	249	Strategy A vix_reentry: 24 → 25	0.65642	0.00000	0.00%	0.00%	0.000	0.00%	0.00%	0.000	SKIP	Strategy A vix_reentry must be < vix_exit (re-enter before exit triggers again)
2026-03-27 16:38:09	250	Allocation high_vol: (0.25, 0.75) → (0.20, 0.80)	0.65642	0.00000	0.00%	0.00%	0.000	0.00%	0.00%	0.000	SKIP	duplicate
2026-03-27 16:38:14	251	Strategy B vix_exit: 28 → 27	0.65642	0.00000	0.00%	0.00%	0.000	0.00%	0.00%	0.000	SKIP	duplicate
2026-03-27 16:38:28	252	Strategy A ma_long: 190 → 195	0.65642	0.00000	0.00%	0.00%	0.000	0.00%	0.00%	0.000	SKIP	duplicate
2026-03-27 16:38:43	253	Strategy A ma_long: 190 → 185	0.65642	0.00000	0.00%	0.00%	0.000	0.00%	0.00%	0.000	SKIP	duplicate
2026-03-27 16:38:48	254	Regime ma_window: 130 → 140	0.65642	0.00000	0.00%	0.00%	0.000	0.00%	0.00%	0.000	SKIP	duplicate
2026-03-27 16:39:02	255	Strategy B vix_exit: 28 → 30	0.65642	0.00000	0.00%	0.00%	0.000	0.00%	0.00%	0.000	SKIP	duplicate
2026-03-27 16:39:08	256	Strategy B vix_exit: 28 → 26	0.65642	0.00000	0.00%	0.00%	0.000	0.00%	0.00%	0.000	SKIP	duplicate
2026-03-27 16:39:38	257	Strategy B confirm_bars: 4 → 5	0.65642	0.00000	0.00%	0.00%	0.000	0.00%	0.00%	0.000	SKIP	duplicate
2026-03-27 16:39:52	258	Strategy A vix_exit: 25 → 27	0.65642	0.00000	0.00%	0.00%	0.000	0.00%	0.00%	0.000	SKIP	duplicate
2026-03-27 16:40:07	259	Strategy A ma_long: 190 → 200	0.65642	0.00000	0.00%	0.00%	0.000	0.00%	0.00%	0.000	SKIP	duplicate
2026-03-27 16:40:18	260	Strategy B confirm_bars: 4 → 3	0.65642	0.00000	0.00%	0.00%	0.000	0.00%	0.00%	0.000	SKIP	duplicate
2026-03-27 16:40:31	261	Strategy A vix_exit: 25 → 24	0.65642	0.00000	0.00%	0.00%	0.000	0.00%	0.00%	0.000	SKIP	Strategy A vix_reentry must be < vix_exit (re-enter before exit triggers again)
2026-03-27 16:40:46	262	Strategy A vix_exit: 25 → 23	0.65642	0.00000	0.00%	0.00%	0.000	0.00%	0.00%	0.000	SKIP	Strategy A vix_reentry must be < vix_exit (re-enter before exit triggers again)
2026-03-27 16:41:00	263	Allocation uncertain: (0.65, 0.35) → (0.70, 0.30)	0.65642	0.00000	0.00%	0.00%	0.000	0.00%	0.00%	0.000	SKIP	ALLOC_CONFIG.uncertain A-weight 0.7 outside range [0.4, 0.65]
2026-03-27 16:41:13	264	Strategy B crash_brake_pct: 0.30 → 0.35	0.65642	0.00000	0.00%	0.00%	0.000	0.00%	0.00%	0.000	SKIP	duplicate
2026-03-27 16:41:37	265	Regime ma_window: 130 → 135	0.65642	0.00000	0.00%	0.00%	0.000	0.00%	0.00%	0.000	SKIP	duplicate
2026-03-27 16:41:48	266	Strategy B vix_reentry: 22 → 20	0.65642	0.00000	0.00%	0.00%	0.000	0.00%	0.00%	0.000	SKIP	duplicate
2026-03-27 16:42:00	267	Strategy B vix_reentry: 22 → 21	0.65642	0.00000	0.00%	0.00%	0.000	0.00%	0.00%	0.000	SKIP	duplicate
2026-03-27 16:42:16	268	Regime vix_bull: 18.0 → 19.0	0.65642	0.00000	0.00%	0.00%	0.000	0.00%	0.00%	0.000	SKIP	duplicate
2026-03-27 16:42:22	269	Strategy B max_position_pct: 0.70 → 0.65	0.65642	0.00000	0.00%	0.00%	0.000	0.00%	0.00%	0.000	SKIP	duplicate
2026-03-27 16:42:50	270	Strategy A vix_reentry: 24 → 23	0.65642	0.00000	0.00%	0.00%	0.000	0.00%	0.00%	0.000	SKIP	duplicate
2026-03-27 16:43:06	271	Strategy B crash_brake_pct: 0.30 → 0.25	0.65642	0.00000	0.00%	0.00%	0.000	0.00%	0.00%	0.000	SKIP	duplicate
2026-03-27 16:43:21	272	Allocation high_vol: (0.25, 0.75) → (0.20, 0.80)	0.65642	0.00000	0.00%	0.00%	0.000	0.00%	0.00%	0.000	SKIP	duplicate
2026-03-27 16:43:35	273	Strategy A vix_reentry: 24 → 22	0.65642	0.00000	0.00%	0.00%	0.000	0.00%	0.00%	0.000	SKIP	duplicate
2026-03-27 16:43:58	274	Regime vix_hi_vol: 25.0 → 26.0	0.65642	0.00000	0.00%	0.00%	0.000	0.00%	0.00%	0.000	SKIP	duplicate
2026-03-27 16:44:11	275	Strategy A vix_exit: 25 → 26	0.65642	0.00000	0.00%	0.00%	0.000	0.00%	0.00%	0.000	SKIP	duplicate
2026-03-27 16:44:17	276	Strategy B ma_long: 150 → 165	0.65642	0.00000	0.00%	0.00%	0.000	0.00%	0.00%	0.000	SKIP	duplicate
2026-03-27 16:44:23	277	Strategy B vix_exit: 28 → 29	0.65642	0.00000	0.00%	0.00%	0.000	0.00%	0.00%	0.000	SKIP	duplicate
2026-03-27 16:44:36	278	Strategy B vix_exit: 28 → 30	0.65642	0.00000	0.00%	0.00%	0.000	0.00%	0.00%	0.000	SKIP	duplicate
2026-03-27 16:44:58	279	Strategy B ma_long: 150 → 145	0.65642	0.00000	0.00%	0.00%	0.000	0.00%	0.00%	0.000	SKIP	duplicate
2026-03-27 16:45:12	280	Strategy A ma_long: 190 → 200	0.65642	0.00000	0.00%	0.00%	0.000	0.00%	0.00%	0.000	SKIP	duplicate
2026-03-27 16:45:18	281	Strategy A ma_long: 190 → 185	0.65642	0.00000	0.00%	0.00%	0.000	0.00%	0.00%	0.000	SKIP	duplicate
2026-03-27 16:45:32	282	Strategy A ma_long: 190 → 195	0.65642	0.00000	0.00%	0.00%	0.000	0.00%	0.00%	0.000	SKIP	duplicate
2026-03-27 16:45:46	283	Strategy A confirm_bars: 2 → 3	0.65642	0.00000	0.00%	0.00%	0.000	0.00%	0.00%	0.000	SKIP	duplicate
2026-03-27 16:45:57	284	Strategy A vix_exit: 25 → 24	0.65642	0.00000	0.00%	0.00%	0.000	0.00%	0.00%	0.000	SKIP	Strategy A vix_reentry must be < vix_exit (re-enter before exit triggers again)
2026-03-27 16:46:11	285	Strategy B crash_brake_pct: 0.30 → 0.35	0.65642	0.00000	0.00%	0.00%	0.000	0.00%	0.00%	0.000	SKIP	duplicate
2026-03-27 16:46:24	286	Allocation uncertain: (0.65, 0.35) → (0.70, 0.30)	0.65642	0.00000	0.00%	0.00%	0.000	0.00%	0.00%	0.000	SKIP	ALLOC_CONFIG.uncertain A-weight 0.7 outside range [0.4, 0.65]
2026-03-27 16:46:35	287	Strategy B confirm_bars: 4 → 3	0.65642	0.00000	0.00%	0.00%	0.000	0.00%	0.00%	0.000	SKIP	duplicate
2026-03-27 16:46:49	288	Strategy B vix_reentry: 22 → 23	0.65642	0.00000	0.00%	0.00%	0.000	0.00%	0.00%	0.000	SKIP	duplicate
2026-03-27 16:47:02	289	Strategy A ma_long: 190 → 210	0.65642	0.00000	0.00%	0.00%	0.000	0.00%	0.00%	0.000	SKIP	duplicate
2026-03-27 16:47:18	290	Regime ma_window: 130 → 145	0.65642	0.64059	28.77%	35.72%	0.805	29.11%	57.13%	0.509	FAIL	Val MaxDD is the bottleneck at 55.5%. Increasing ma_window smooths regime detection, reducing whipsaws during volatile periods like COVID. History sho
2026-03-27 16:47:52	291	Strategy B max_position_pct: 0.70 → 0.65	0.65642	0.00000	0.00%	0.00%	0.000	0.00%	0.00%	0.000	SKIP	duplicate
2026-03-27 16:48:05	292	Strategy A ma_long: 190 → 180	0.65642	0.00000	0.00%	0.00%	0.000	0.00%	0.00%	0.000	SKIP	duplicate
2026-03-27 16:48:17	293	Regime vix_smooth: 5 → 6	0.65642	0.00000	0.00%	0.00%	0.000	0.00%	0.00%	0.000	SKIP	duplicate
2026-03-27 16:48:31	294	Strategy A vix_reentry: 24 → 21	0.65642	0.00000	0.00%	0.00%	0.000	0.00%	0.00%	0.000	SKIP	duplicate
2026-03-27 16:48:37	295	Strategy A vix_reentry: 24 → 23	0.65642	0.00000	0.00%	0.00%	0.000	0.00%	0.00%	0.000	SKIP	duplicate
2026-03-27 16:48:44	296	Strategy A vix_exit: 25 → 26	0.65642	0.00000	0.00%	0.00%	0.000	0.00%	0.00%	0.000	SKIP	duplicate
2026-03-27 16:49:00	297	Strategy A vix_reentry: 24 → 22	0.65642	0.00000	0.00%	0.00%	0.000	0.00%	0.00%	0.000	SKIP	duplicate
2026-03-27 16:49:14	298	Regime ma_window: 130 → 135	0.65642	0.00000	0.00%	0.00%	0.000	0.00%	0.00%	0.000	SKIP	duplicate
2026-03-27 16:49:29	299	Strategy A vix_exit: 25 → 23	0.65642	0.00000	0.00%	0.00%	0.000	0.00%	0.00%	0.000	SKIP	Strategy A vix_reentry must be < vix_exit (re-enter before exit triggers again)
2026-03-27 16:49:43	300	Strategy B vix_exit: 28 → 29	0.65642	0.00000	0.00%	0.00%	0.000	0.00%	0.00%	0.000	SKIP	duplicate
2026-03-27 16:49:54	301	Allocation high_vol: (0.25, 0.75) → (0.20, 0.80)	0.65642	0.00000	0.00%	0.00%	0.000	0.00%	0.00%	0.000	SKIP	duplicate
2026-03-27 16:50:18	302	Strategy B vix_exit: 28 → 26	0.65642	0.00000	0.00%	0.00%	0.000	0.00%	0.00%	0.000	SKIP	duplicate
2026-03-27 16:50:24	303	Strategy B ma_long: 150 → 145	0.65642	0.00000	0.00%	0.00%	0.000	0.00%	0.00%	0.000	SKIP	duplicate
2026-03-27 16:50:29	304	Strategy B crash_brake_pct: 0.30 → 0.25	0.65642	0.00000	0.00%	0.00%	0.000	0.00%	0.00%	0.000	SKIP	duplicate
2026-03-27 16:50:37	305	Strategy B ma_long: 150 → 165	0.65642	0.00000	0.00%	0.00%	0.000	0.00%	0.00%	0.000	SKIP	duplicate
2026-03-27 16:50:51	306	Strategy A ma_long: 190 → 200	0.65642	0.00000	0.00%	0.00%	0.000	0.00%	0.00%	0.000	SKIP	duplicate
2026-03-27 16:51:03	307	Strategy B max_position_pct: 0.70 → 0.65	0.65642	0.00000	0.00%	0.00%	0.000	0.00%	0.00%	0.000	SKIP	duplicate
2026-03-27 16:51:34	308	Strategy B confirm_bars: 4 → 5	0.65642	0.00000	0.00%	0.00%	0.000	0.00%	0.00%	0.000	SKIP	duplicate
2026-03-27 16:51:41	309	Strategy B vix_reentry: 22 → 21	0.65642	0.00000	0.00%	0.00%	0.000	0.00%	0.00%	0.000	SKIP	duplicate
2026-03-27 16:52:31	310	Strategy A ma_long: 190 → 210	0.65642	0.00000	0.00%	0.00%	0.000	0.00%	0.00%	0.000	SKIP	duplicate
2026-03-27 16:52:45	311	Strategy A vix_reentry: 24 → 20	0.65642	0.00000	0.00%	0.00%	0.000	0.00%	0.00%	0.000	SKIP	duplicate
2026-03-27 16:52:58	312	Strategy A vix_exit: 25 → 27	0.65642	0.00000	0.00%	0.00%	0.000	0.00%	0.00%	0.000	SKIP	duplicate
2026-03-27 16:53:11	313	Strategy B vix_reentry: 22 → 20	0.65642	0.00000	0.00%	0.00%	0.000	0.00%	0.00%	0.000	SKIP	duplicate
2026-03-27 20:09:21	314	Regime ma_window: 130 → 125	0.65642	0.00000	0.00%	0.00%	0.000	0.00%	0.00%	0.000	SKIP	duplicate
2026-03-27 20:09:35	315	Strategy B crash_brake_pct: 0.30 → 0.35	0.65642	0.00000	0.00%	0.00%	0.000	0.00%	0.00%	0.000	SKIP	duplicate
2026-03-27 20:09:52	316	Regime vix_hi_vol: 25.0 → 27.0	0.65642	0.58201	28.69%	35.29%	0.813	23.80%	57.13%	0.417	FAIL	Raising high-vol threshold delays defensive regime activation, keeping higher Strategy A allocation (our best performer) active longer during moderate
2026-03-27 20:10:07	317	Strategy B ma_long: 150 → 180	0.65642	0.00000	0.00%	0.00%	0.000	0.00%	0.00%	0.000	SKIP	duplicate
2026-03-27 20:10:20	318	Strategy A vix_exit: 25 → 26	0.65642	0.00000	0.00%	0.00%	0.000	0.00%	0.00%	0.000	SKIP	duplicate
2026-03-27 20:10:25	319	Strategy A ma_long: 190 → 180	0.65642	0.00000	0.00%	0.00%	0.000	0.00%	0.00%	0.000	SKIP	duplicate
2026-03-27 20:10:41	320	Strategy A vix_exit: 25 → 24	0.65642	0.00000	0.00%	0.00%	0.000	0.00%	0.00%	0.000	SKIP	Strategy A vix_reentry must be < vix_exit (re-enter before exit triggers again)
2026-03-27 20:10:46	321	Strategy A ma_long: 190 → 185	0.65642	0.00000	0.00%	0.00%	0.000	0.00%	0.00%	0.000	SKIP	duplicate
2026-03-27 20:10:59	322	Strategy A ma_long: 190 → 175	0.65642	0.55124	27.70%	40.27%	0.688	25.23%	57.11%	0.442	FAIL	Faster trend response for aggressive strategy. Current 190 may be too slow for volatile periods. 175 is within safe range [150-300], untried, and coul
2026-03-27 20:11:14	323	Regime ma_window: 130 → 135	0.65642	0.00000	0.00%	0.00%	0.000	0.00%	0.00%	0.000	SKIP	duplicate
2026-03-27 20:11:29	324	Strategy A vix_reentry: 24 → 21	0.65642	0.00000	0.00%	0.00%	0.000	0.00%	0.00%	0.000	SKIP	duplicate
2026-03-27 20:11:34	325	Strategy A vix_reentry: 24 → 23	0.65642	0.00000	0.00%	0.00%	0.000	0.00%	0.00%	0.000	SKIP	duplicate
2026-03-27 20:11:46	326	Strategy B vix_exit: 28 → 27	0.65642	0.00000	0.00%	0.00%	0.000	0.00%	0.00%	0.000	SKIP	duplicate
2026-03-27 20:12:17	327	Regime ma_window: 130 → 120	0.65642	0.00000	0.00%	0.00%	0.000	0.00%	0.00%	0.000	SKIP	duplicate
2026-03-27 20:12:23	328	Strategy B max_position_pct: 0.70 → 0.75	0.65642	0.00000	0.00%	0.00%	0.000	0.00%	0.00%	0.000	SKIP	duplicate
2026-03-27 20:12:36	329	Allocation high_vol: (0.25, 0.75) → (0.20, 0.80)	0.65642	0.00000	0.00%	0.00%	0.000	0.00%	0.00%	0.000	SKIP	duplicate
2026-03-27 20:12:48	330	Strategy B max_position_pct: 0.70 → 0.65	0.65642	0.00000	0.00%	0.00%	0.000	0.00%	0.00%	0.000	SKIP	duplicate
2026-03-27 20:12:53	331	Strategy B vix_exit: 28 → 30	0.65642	0.00000	0.00%	0.00%	0.000	0.00%	0.00%	0.000	SKIP	duplicate
2026-03-27 20:13:22	332	Strategy A vix_reentry: 24 → 22	0.65642	0.00000	0.00%	0.00%	0.000	0.00%	0.00%	0.000	SKIP	duplicate
2026-03-27 20:13:35	333	Strategy A vix_reentry: 24 → 25	0.65642	0.00000	0.00%	0.00%	0.000	0.00%	0.00%	0.000	SKIP	Strategy A vix_reentry must be < vix_exit (re-enter before exit triggers again)
2026-03-27 20:13:50	334	Allocation high_vol: (0.25, 0.75) → (0.20, 0.80)	0.65642	0.00000	0.00%	0.00%	0.000	0.00%	0.00%	0.000	SKIP	duplicate
2026-03-27 20:13:55	335	Regime ma_window: 130 → 125	0.65642	0.00000	0.00%	0.00%	0.000	0.00%	0.00%	0.000	SKIP	duplicate
2026-03-27 20:14:25	336	Strategy B crash_brake_pct: 0.30 → 0.35	0.65642	0.00000	0.00%	0.00%	0.000	0.00%	0.00%	0.000	SKIP	duplicate
2026-03-27 20:14:52	337	Strategy B vix_reentry: 22 → 23	0.65642	0.00000	0.00%	0.00%	0.000	0.00%	0.00%	0.000	SKIP	duplicate
2026-03-27 20:15:05	338	Strategy A ma_long: 190 → 210	0.65642	0.00000	0.00%	0.00%	0.000	0.00%	0.00%	0.000	SKIP	duplicate
2026-03-27 20:15:19	339	Strategy A ma_long: 190 → 187	0.65642	0.62630	28.53%	35.29%	0.809	27.73%	57.15%	0.485	FAIL	Strategy A dominates allocation (90% bull, 65% uncertain). A modest 3-point MA reduction makes it slightly more responsive to trend changes without th
2026-03-27 20:15:35	340	Strategy B confirm_bars: 4 → 3	0.65642	0.00000	0.00%	0.00%	0.000	0.00%	0.00%	0.000	SKIP	duplicate
2026-03-27 20:15:50	341	Regime vix_bull: 18.0 → 19.0	0.65642	0.00000	0.00%	0.00%	0.000	0.00%	0.00%	0.000	SKIP	duplicate
2026-03-27 20:16:02	342	Strategy B crash_brake_pct: 0.30 → 0.32	0.65642	0.00000	0.00%	0.00%	0.000	0.00%	0.00%	0.000	SKIP	duplicate
2026-03-27 20:16:18	343	Strategy A ma_long: 190 → 185	0.65642	0.00000	0.00%	0.00%	0.000	0.00%	0.00%	0.000	SKIP	duplicate
2026-03-27 20:16:31	344	Strategy A vix_exit: 25 → 24	0.65642	0.00000	0.00%	0.00%	0.000	0.00%	0.00%	0.000	SKIP	Strategy A vix_reentry must be < vix_exit (re-enter before exit triggers again)
2026-03-27 20:16:44	345	Allocation high_vol: (0.25, 0.75) → (0.30, 0.70)	0.65642	0.00000	0.00%	0.00%	0.000	0.00%	0.00%	0.000	SKIP	duplicate
2026-03-27 20:16:58	346	Regime vix_hi_vol: 25.0 → 27.0	0.65642	0.00000	0.00%	0.00%	0.000	0.00%	0.00%	0.000	SKIP	duplicate
2026-03-27 20:17:11	347	Regime ma_window: 130 → 135	0.65642	0.00000	0.00%	0.00%	0.000	0.00%	0.00%	0.000	SKIP	duplicate
2026-03-27 20:17:17	348	Strategy A vix_exit: 25 → 26	0.65642	0.00000	0.00%	0.00%	0.000	0.00%	0.00%	0.000	SKIP	duplicate
2026-03-27 20:17:28	349	Strategy B ma_long: 150 → 160	0.65642	0.00000	0.00%	0.00%	0.000	0.00%	0.00%	0.000	SKIP	duplicate
2026-03-27 20:17:33	350	Strategy A ma_long: 190 → 180	0.65642	0.00000	0.00%	0.00%	0.000	0.00%	0.00%	0.000	SKIP	duplicate
2026-03-27 20:17:38	351	Regime ma_window: 130 → 140	0.65642	0.00000	0.00%	0.00%	0.000	0.00%	0.00%	0.000	SKIP	duplicate
2026-03-27 20:17:46	352	Strategy B vix_exit: 28 → 27	0.65642	0.00000	0.00%	0.00%	0.000	0.00%	0.00%	0.000	SKIP	duplicate
2026-03-27 20:18:00	353	Allocation uncertain: (0.65, 0.35) → (0.67, 0.33)	0.65642	0.00000	0.00%	0.00%	0.000	0.00%	0.00%	0.000	SKIP	ALLOC_CONFIG.uncertain A-weight 0.67 outside range [0.4, 0.65]
2026-03-27 20:18:07	354	Strategy A ma_long: 190 → 192	0.65642	0.63278	30.42%	40.06%	0.759	30.11%	57.11%	0.527	FAIL	Recent history shows ma_long moves: 200→SKIP, 195→SKIP, 187→FAIL (score dropped to 0.626), 185→SKIP, 180→SKIP, 175→FAIL. Current 190 is optimal winner
2026-03-27 20:18:22	355	Strategy B ma_long: 150 → 165	0.65642	0.00000	0.00%	0.00%	0.000	0.00%	0.00%	0.000	SKIP	duplicate
2026-03-27 20:18:37	356	Regime vix_smooth: 5 → 6	0.65642	0.00000	0.00%	0.00%	0.000	0.00%	0.00%	0.000	SKIP	duplicate
2026-03-27 20:18:50	357	Allocation high_vol: (0.25, 0.75) → (0.20, 0.80)	0.65642	0.00000	0.00%	0.00%	0.000	0.00%	0.00%	0.000	SKIP	duplicate
2026-03-27 20:19:14	358	Strategy B vix_reentry: 22 → 23	0.65642	0.00000	0.00%	0.00%	0.000	0.00%	0.00%	0.000	SKIP	duplicate
2026-03-27 20:19:30	359	Strategy B crash_brake_pct: 0.30 → 0.35	0.65642	0.00000	0.00%	0.00%	0.000	0.00%	0.00%	0.000	SKIP	duplicate
2026-03-27 20:19:43	360	Strategy A vix_exit: 25 → 23	0.65642	0.00000	0.00%	0.00%	0.000	0.00%	0.00%	0.000	SKIP	Strategy A vix_reentry must be < vix_exit (re-enter before exit triggers again)
2026-03-27 20:20:11	361	Strategy A vix_reentry: 24 → 25	0.65642	0.00000	0.00%	0.00%	0.000	0.00%	0.00%	0.000	SKIP	Strategy A vix_reentry must be < vix_exit (re-enter before exit triggers again)
2026-03-27 20:20:16	362	Strategy A ma_long: 190 → 195	0.65642	0.00000	0.00%	0.00%	0.000	0.00%	0.00%	0.000	SKIP	duplicate
2026-03-27 20:20:29	363	Strategy B vix_exit: 28 → 30	0.65642	0.00000	0.00%	0.00%	0.000	0.00%	0.00%	0.000	SKIP	duplicate
2026-03-27 20:20:35	364	Strategy A ma_long: 190 → 185	0.65642	0.00000	0.00%	0.00%	0.000	0.00%	0.00%	0.000	SKIP	duplicate
2026-03-27 20:20:46	365	Strategy A vix_exit: 25 → 22	0.65642	0.00000	0.00%	0.00%	0.000	0.00%	0.00%	0.000	SKIP	Strategy A vix_reentry must be < vix_exit (re-enter before exit triggers again)
2026-03-27 20:20:53	366	Strategy A ma_long: 190 → 188	0.65642	0.63826	28.68%	35.29%	0.813	28.63%	57.12%	0.501	FAIL	Recent tests show ma_long 190→192 failed (score 0.633), 190→200 tried, 190→195 tried, 190→175 tried, 190→185 tried, 190→180 tried. Only untested nearb
2026-03-27 20:21:08	367	Strategy A vix_reentry: 24 → 22	0.65642	0.00000	0.00%	0.00%	0.000	0.00%	0.00%	0.000	SKIP	duplicate
2026-03-27 20:21:22	368	Strategy B confirm_bars: 4 → 3	0.65642	0.00000	0.00%	0.00%	0.000	0.00%	0.00%	0.000	SKIP	duplicate
2026-03-27 20:21:34	369	Strategy A confirm_bars: 2 → 3	0.65642	0.00000	0.00%	0.00%	0.000	0.00%	0.00%	0.000	SKIP	duplicate
2026-03-27 20:21:48	370	Strategy B max_position_pct: 0.70 → 0.68	0.65642	0.56990	25.73%	33.11%	0.777	22.13%	52.95%	0.418	FAIL	Strategy B dominates during high_vol regime (75% weight). Slightly reducing its max position allows faster exit during extreme volatility while mainta
2026-03-27 20:21:55	371	Regime ma_window: 130 → 120	0.65642	0.00000	0.00%	0.00%	0.000	0.00%	0.00%	0.000	SKIP	duplicate
2026-03-27 20:22:12	372	Regime ma_window: 130 → 125	0.65642	0.00000	0.00%	0.00%	0.000	0.00%	0.00%	0.000	SKIP	duplicate
2026-03-27 20:22:17	373	Regime ma_window: 130 → 135	0.65642	0.00000	0.00%	0.00%	0.000	0.00%	0.00%	0.000	SKIP	duplicate
2026-03-27 20:22:31	374	Allocation high_vol: (0.25, 0.75) → (0.28, 0.72)	0.65642	0.00000	0.00%	0.00%	0.000	0.00%	0.00%	0.000	SKIP	duplicate
2026-03-27 20:22:44	375	Allocation high_vol: (0.25, 0.75) → (0.22, 0.78)	0.65642	0.00000	0.00%	0.00%	0.000	0.00%	0.00%	0.000	SKIP	duplicate
2026-03-27 20:22:56	376	Regime vix_bull: 18.0 → 19.0	0.65642	0.00000	0.00%	0.00%	0.000	0.00%	0.00%	0.000	SKIP	duplicate
2026-03-27 20:23:09	377	Regime vix_hi_vol: 25.0 → 24.0	0.65642	0.00000	0.00%	0.00%	0.000	0.00%	0.00%	0.000	SKIP	duplicate
2026-03-27 20:23:23	378	Strategy A ma_long: 190 → 180	0.65642	0.00000	0.00%	0.00%	0.000	0.00%	0.00%	0.000	SKIP	duplicate
2026-03-27 20:23:53	379	Allocation uncertain: (0.65, 0.35) → (0.63, 0.37)	0.65642	0.65358	28.80%	35.11%	0.820	29.74%	57.10%	0.521	FAIL	Val MaxDD at 57.12% is the bottleneck. Marginal shift toward defensive Strategy B during uncertain regimes should reduce drawdown exposure during COVI
2026-03-27 20:24:00	380	Strategy A ma_long: 190 → 192	0.65642	0.00000	0.00%	0.00%	0.000	0.00%	0.00%	0.000	SKIP	duplicate
2026-03-27 20:24:14	381	Strategy A ma_long: 190 → 210	0.65642	0.00000	0.00%	0.00%	0.000	0.00%	0.00%	0.000	SKIP	duplicate
2026-03-27 20:24:27	382	Strategy B crash_brake_pct: 0.30 → 0.35	0.65642	0.00000	0.00%	0.00%	0.000	0.00%	0.00%	0.000	SKIP	duplicate
2026-03-27 20:24:33	383	Strategy A vix_reentry: 24 → 23	0.65642	0.00000	0.00%	0.00%	0.000	0.00%	0.00%	0.000	SKIP	duplicate
2026-03-27 23:41:11	384	Regime vix_smooth: 5 → 3	0.65642	0.00000	0.00%	0.00%	0.000	0.00%	0.00%	0.000	SKIP	duplicate
2026-03-27 23:41:16	385	Strategy B crash_brake_pct: 0.30 → 0.40	0.65642	0.00000	26.58%	34.96%	0.760	3.49%	60.22%	0.058	VETO	cagr=0.0349 < 0.12 (veto) | calmar=0.0580 < 0.2 (veto)
2026-03-27 23:41:20	386	Strategy B crash_brake_pct: 0.30 → 0.32	0.65642	0.00000	0.00%	0.00%	0.000	0.00%	0.00%	0.000	SKIP	duplicate
2026-03-27 23:41:28	387	Strategy B crash_brake_pct: 0.30 → 0.33	0.65642	0.00000	19.23%	38.11%	0.505	1.56%	52.64%	0.030	VETO	cagr=0.1923 < 0.24 (veto) | sharpe=0.7104 < 0.8 (veto) | cagr=0.0156 < 0.12 (veto) | calmar=0.0296 < 0.2 (veto)
2026-03-27 23:41:32	388	Strategy B vix_reentry: 22 → 20	0.65642	0.00000	0.00%	0.00%	0.000	0.00%	0.00%	0.000	SKIP	STRATEGY_B_CONFIG.vix_reentry=20 is a known dead end — skip
2026-03-27 23:41:36	389	Strategy B confirm_bars: 4 → 3	0.65642	0.00000	0.00%	0.00%	0.000	0.00%	0.00%	0.000	SKIP	duplicate
2026-03-27 23:41:39	390	Strategy B confirm_bars: 4 → 5	0.65642	0.00000	0.00%	0.00%	0.000	0.00%	0.00%	0.000	SKIP	duplicate
2026-03-27 23:41:42	391	Strategy B confirm_bars: 4 → 2	0.65642	0.00000	0.00%	0.00%	0.000	0.00%	0.00%	0.000	ERROR	patch: Substitution produced no change (new_value may already match current)
2026-03-27 23:41:47	392	Strategy B ma_long: 150 → 140	0.65642	0.00000	0.00%	0.00%	0.000	0.00%	0.00%	0.000	SKIP	duplicate
2026-03-27 23:41:50	393	Regime vix_smooth: 5 → 4	0.65642	0.00000	0.00%	0.00%	0.000	0.00%	0.00%	0.000	SKIP	duplicate
2026-03-27 23:41:54	394	Strategy B ma_long: 150 → 155	0.65642	0.00000	0.00%	0.00%	0.000	0.00%	0.00%	0.000	SKIP	STRATEGY_B_CONFIG.ma_long=155 is a known dead end — skip
2026-03-27 23:41:57	395	Allocation high_vol: (0.25, 0.75) → (0.20, 0.80)	0.65642	0.00000	0.00%	0.00%	0.000	0.00%	0.00%	0.000	SKIP	duplicate
2026-03-27 23:42:00	396	Strategy B ma_long: 150 → 160	0.65642	0.00000	0.00%	0.00%	0.000	0.00%	0.00%	0.000	SKIP	STRATEGY_B_CONFIG.ma_long=160 is a known dead end — skip
2026-03-27 23:42:04	397	Regime ma_window: 130 → 120	0.65642	0.00000	0.00%	0.00%	0.000	0.00%	0.00%	0.000	SKIP	duplicate
2026-03-27 23:42:07	398	Strategy A confirm_bars: 2 → 1	0.65642	0.00000	0.00%	0.00%	0.000	0.00%	0.00%	0.000	SKIP	duplicate
2026-03-27 23:42:10	399	Regime ma_window: 130 → 125	0.65642	0.00000	0.00%	0.00%	0.000	0.00%	0.00%	0.000	SKIP	duplicate
2026-03-27 23:42:14	400	Strategy A ma_long: 190 → 200	0.65642	0.00000	0.00%	0.00%	0.000	0.00%	0.00%	0.000	SKIP	duplicate
2026-03-27 23:42:17	401	Strategy A vix_exit: 25 → 23	0.65642	0.00000	0.00%	0.00%	0.000	0.00%	0.00%	0.000	SKIP	Strategy A vix_reentry must be < vix_exit (re-enter before exit triggers again)
2026-03-27 23:42:20	402	Strategy A vix_exit: 25 → 24	0.65642	0.00000	0.00%	0.00%	0.000	0.00%	0.00%	0.000	SKIP	Strategy A vix_reentry must be < vix_exit (re-enter before exit triggers again)
2026-03-27 23:42:23	403	Strategy B crash_brake_pct: 0.30 → 0.25	0.65642	0.00000	0.00%	0.00%	0.000	0.00%	0.00%	0.000	SKIP	duplicate
2026-03-27 23:42:31	404	Strategy A confirm_bars: 2 → 1	0.65642	0.00000	0.00%	0.00%	0.000	0.00%	0.00%	0.000	SKIP	duplicate
2026-03-27 23:42:37	405	Regime vix_smooth: 5 → 3	0.65642	0.00000	0.00%	0.00%	0.000	0.00%	0.00%	0.000	SKIP	duplicate
2026-03-27 23:42:44	406	Strategy B crash_brake_pct: 0.30 → 0.35	0.65642	0.00000	0.00%	0.00%	0.000	0.00%	0.00%	0.000	SKIP	duplicate
2026-03-27 23:42:52	407	Strategy B crash_brake_pct: 0.30 → 0.40	0.65642	0.00000	0.00%	0.00%	0.000	0.00%	0.00%	0.000	SKIP	duplicate
2026-03-27 23:42:56	408	Strategy B crash_brake_pct: 0.30 → 0.35	0.65642	0.00000	0.00%	0.00%	0.000	0.00%	0.00%	0.000	SKIP	duplicate
2026-03-27 23:43:05	409	Strategy B vix_reentry: 22 → 20	0.65642	0.00000	0.00%	0.00%	0.000	0.00%	0.00%	0.000	SKIP	STRATEGY_B_CONFIG.vix_reentry=20 is a known dead end — skip
2026-03-27 23:43:08	410	Strategy B vix_reentry: 22 → 21	0.65642	0.00000	0.00%	0.00%	0.000	0.00%	0.00%	0.000	SKIP	STRATEGY_B_CONFIG.vix_reentry=21 is a known dead end — skip
2026-03-27 23:43:18	411	Strategy B confirm_bars: 4 → 3	0.65642	0.00000	0.00%	0.00%	0.000	0.00%	0.00%	0.000	SKIP	duplicate
2026-03-27 23:43:21	412	Strategy B confirm_bars: 4 → 5	0.65642	0.00000	0.00%	0.00%	0.000	0.00%	0.00%	0.000	SKIP	duplicate
2026-03-27 23:43:32	413	Allocation high_vol: (0.25, 0.75) → (0.20, 0.80)	0.65642	0.00000	0.00%	0.00%	0.000	0.00%	0.00%	0.000	SKIP	duplicate
2026-03-27 23:43:35	414	Regime vix_smooth: 5 → 4	0.65642	0.00000	0.00%	0.00%	0.000	0.00%	0.00%	0.000	SKIP	duplicate
2026-03-27 23:43:47	415	Regime ma_window: 130 → 115	0.65642	0.59915	28.18%	39.46%	0.714	28.72%	57.13%	0.503	FAIL	Val period Calmar is 0.530 vs train 0.813 — a significant gap driven by COVID crash exposure. The current ma_window=130 is slower to react to regime s
2026-03-27 23:43:52	416	Strategy B crash_brake_pct: 0.30 → 0.32	0.65642	0.00000	0.00%	0.00%	0.000	0.00%	0.00%	0.000	SKIP	duplicate
2026-03-27 23:43:55	417	Strategy B ma_long: 150 → 140	0.65642	0.00000	0.00%	0.00%	0.000	0.00%	0.00%	0.000	SKIP	duplicate
2026-03-27 23:44:05	418	Allocation high_vol: (0.25, 0.75) → (0.15, 0.85)	0.65642	0.00000	0.00%	0.00%	0.000	0.00%	0.00%	0.000	SKIP	duplicate
2026-03-27 23:44:12	419	Strategy B vix_reentry: 22 → 23	0.65642	0.00000	0.00%	0.00%	0.000	0.00%	0.00%	0.000	SKIP	STRATEGY_B_CONFIG.vix_reentry=23 is a known dead end — skip
2026-03-27 23:44:15	420	Strategy A ma_long: 190 → 175	0.65642	0.00000	0.00%	0.00%	0.000	0.00%	0.00%	0.000	SKIP	duplicate
2026-03-27 23:44:25	421	Strategy A ma_long: 190 → 200	0.65642	0.00000	0.00%	0.00%	0.000	0.00%	0.00%	0.000	SKIP	duplicate
2026-03-27 23:44:29	422	Strategy A vix_reentry: 24 → 23	0.65642	0.00000	0.00%	0.00%	0.000	0.00%	0.00%	0.000	SKIP	duplicate
2026-03-27 23:44:39	423	Strategy A vix_exit: 25 → 24	0.65642	0.00000	0.00%	0.00%	0.000	0.00%	0.00%	0.000	SKIP	Strategy A vix_reentry must be < vix_exit (re-enter before exit triggers again)
2026-03-27 23:44:42	424	Regime vix_smooth: 5 → 6	0.65642	0.00000	0.00%	0.00%	0.000	0.00%	0.00%	0.000	SKIP	duplicate
2026-03-27 23:44:52	425	Strategy A confirm_bars: 2 → 1	0.65642	0.00000	0.00%	0.00%	0.000	0.00%	0.00%	0.000	SKIP	duplicate
2026-03-27 23:44:56	426	Strategy A vix_exit: 25 → 26	0.65642	0.00000	0.00%	0.00%	0.000	0.00%	0.00%	0.000	SKIP	duplicate
2026-03-27 23:45:07	427	Regime ma_window: 130 → 120	0.65642	0.00000	0.00%	0.00%	0.000	0.00%	0.00%	0.000	SKIP	duplicate
2026-03-27 23:45:10	428	Strategy B crash_brake_pct: 0.30 → 0.40	0.65642	0.00000	0.00%	0.00%	0.000	0.00%	0.00%	0.000	SKIP	duplicate
2026-03-27 23:45:18	429	Strategy B crash_brake_pct: 0.30 → 0.35	0.65642	0.00000	0.00%	0.00%	0.000	0.00%	0.00%	0.000	SKIP	duplicate
2026-03-27 23:45:26	430	Strategy B crash_brake_pct: 0.30 → 0.25	0.65642	0.00000	0.00%	0.00%	0.000	0.00%	0.00%	0.000	SKIP	duplicate
2026-03-27 23:45:32	431	Strategy B ma_long: 150 → 160	0.65642	0.00000	0.00%	0.00%	0.000	0.00%	0.00%	0.000	SKIP	STRATEGY_B_CONFIG.ma_long=160 is a known dead end — skip
2026-03-27 23:45:40	432	Strategy B confirm_bars: 4 → 3	0.65642	0.00000	0.00%	0.00%	0.000	0.00%	0.00%	0.000	SKIP	duplicate
2026-03-27 23:45:44	433	Strategy B vix_reentry: 22 → 21	0.65642	0.00000	0.00%	0.00%	0.000	0.00%	0.00%	0.000	SKIP	STRATEGY_B_CONFIG.vix_reentry=21 is a known dead end — skip
2026-03-27 23:45:53	434	Regime vix_smooth: 5 → 3	0.65642	0.00000	0.00%	0.00%	0.000	0.00%	0.00%	0.000	SKIP	duplicate
2026-03-27 23:45:56	435	Regime vix_smooth: 5 → 4	0.65642	0.00000	0.00%	0.00%	0.000	0.00%	0.00%	0.000	SKIP	duplicate
2026-03-27 23:46:07	436	Strategy B vix_reentry: 22 → 20	0.65642	0.00000	0.00%	0.00%	0.000	0.00%	0.00%	0.000	SKIP	STRATEGY_B_CONFIG.vix_reentry=20 is a known dead end — skip
2026-03-27 23:46:12	437	Strategy B vix_reentry: 22 → 19	0.65642	0.42853	26.67%	37.01%	0.721	14.56%	57.13%	0.255	FAIL	Val period Calmar (0.530) is the bottleneck. Strategy B is the defensive hedge in high_vol regimes (where allocation is 0.25/0.75 favoring B). Lowerin
2026-03-27 23:46:17	438	Strategy B max_position_pct: 0.70 → 0.65	0.65642	0.00000	0.00%	0.00%	0.000	0.00%	0.00%	0.000	SKIP	STRATEGY_B_CONFIG.max_position_pct=0.65 is a known dead end — skip
2026-03-27 23:46:27	439	Allocation high_vol: (0.25, 0.75) → (0.20, 0.80)	0.65642	0.00000	0.00%	0.00%	0.000	0.00%	0.00%	0.000	SKIP	duplicate
2026-03-27 23:46:30	440	Strategy A confirm_bars: 2 → 3	0.65642	0.00000	0.00%	0.00%	0.000	0.00%	0.00%	0.000	SKIP	duplicate
2026-03-27 23:46:40	441	Strategy B vix_exit: 28 → 27	0.65642	0.00000	0.00%	0.00%	0.000	0.00%	0.00%	0.000	SKIP	STRATEGY_B_CONFIG.vix_exit=27 is a known dead end — skip
2026-03-27 23:46:43	442	Strategy A ma_long: 190 → 180	0.65642	0.00000	0.00%	0.00%	0.000	0.00%	0.00%	0.000	SKIP	duplicate
2026-03-27 23:46:54	443	Strategy A ma_long: 190 → 200	0.65642	0.00000	0.00%	0.00%	0.000	0.00%	0.00%	0.000	SKIP	duplicate
2026-03-27 23:46:57	444	Strategy A vix_reentry: 24 → 23	0.65642	0.00000	0.00%	0.00%	0.000	0.00%	0.00%	0.000	SKIP	duplicate
2026-03-27 23:47:07	445	Regime ma_window: 130 → 125	0.65642	0.00000	0.00%	0.00%	0.000	0.00%	0.00%	0.000	SKIP	duplicate
2026-03-27 23:47:10	446	Strategy A vix_exit: 25 → 24	0.65642	0.00000	0.00%	0.00%	0.000	0.00%	0.00%	0.000	SKIP	Strategy A vix_reentry must be < vix_exit (re-enter before exit triggers again)
2026-03-27 23:47:19	447	Strategy A confirm_bars: 2 → 1	0.65642	0.00000	0.00%	0.00%	0.000	0.00%	0.00%	0.000	SKIP	duplicate
2026-03-27 23:47:26	448	Regime vix_bull: 18.0 → 17.0	0.65642	0.00000	0.00%	0.00%	0.000	0.00%	0.00%	0.000	SKIP	duplicate
2026-03-27 23:47:33	449	Strategy B crash_brake_pct: 0.30 → 0.40	0.65642	0.00000	0.00%	0.00%	0.000	0.00%	0.00%	0.000	SKIP	duplicate
2026-03-27 23:47:39	450	Strategy B crash_brake_pct: 0.30 → 0.35	0.65642	0.00000	0.00%	0.00%	0.000	0.00%	0.00%	0.000	SKIP	duplicate
2026-03-27 23:47:46	451	Strategy B ma_long: 150 → 140	0.65642	0.00000	0.00%	0.00%	0.000	0.00%	0.00%	0.000	SKIP	duplicate
2026-03-27 23:47:54	452	Strategy B ma_long: 150 → 160	0.65642	0.00000	0.00%	0.00%	0.000	0.00%	0.00%	0.000	SKIP	STRATEGY_B_CONFIG.ma_long=160 is a known dead end — skip
2026-03-27 23:47:57	453	Strategy B confirm_bars: 4 → 5	0.65642	0.00000	0.00%	0.00%	0.000	0.00%	0.00%	0.000	SKIP	duplicate
2026-03-27 23:48:07	454	Strategy B confirm_bars: 4 → 3	0.65642	0.00000	0.00%	0.00%	0.000	0.00%	0.00%	0.000	SKIP	duplicate
2026-03-27 23:48:14	455	Regime vix_smooth: 5 → 3	0.65642	0.00000	0.00%	0.00%	0.000	0.00%	0.00%	0.000	SKIP	duplicate
2026-03-27 23:48:18	456	Regime vix_smooth: 5 → 4	0.65642	0.00000	0.00%	0.00%	0.000	0.00%	0.00%	0.000	SKIP	duplicate
2026-03-27 23:48:27	457	Regime vix_smooth: 5 → 6	0.65642	0.00000	0.00%	0.00%	0.000	0.00%	0.00%	0.000	SKIP	duplicate
2026-03-27 23:48:35	458	Regime vix_smooth: 5 → 7	0.65642	0.59277	28.55%	35.58%	0.802	24.99%	57.08%	0.438	FAIL	Val period MaxDD is 57.1% (vs train 35.3%), primarily due to COVID crash. Current vix_smooth=5 is reactive but may be whipsawing on intraday VIX spike
2026-03-27 23:48:39	459	Regime vix_hi_vol: 25.0 → 23.0	0.65642	0.00000	0.00%	0.00%	0.000	0.00%	0.00%	0.000	SKIP	duplicate
2026-03-27 23:48:49	460	Allocation high_vol: (0.25, 0.75) → (0.20, 0.80)	0.65642	0.00000	0.00%	0.00%	0.000	0.00%	0.00%	0.000	SKIP	duplicate
2026-03-27 23:48:53	461	Regime vix_hi_vol: 25.0 → 26.0	0.65642	0.00000	0.00%	0.00%	0.000	0.00%	0.00%	0.000	SKIP	duplicate
2026-03-27 23:49:00	462	Regime ma_window: 130 → 120	0.65642	0.00000	0.00%	0.00%	0.000	0.00%	0.00%	0.000	SKIP	duplicate
2026-03-27 23:49:07	463	Strategy A confirm_bars: 2 → 3	0.65642	0.00000	0.00%	0.00%	0.000	0.00%	0.00%	0.000	SKIP	duplicate
2026-03-27 23:49:14	464	Strategy A ma_long: 190 → 200	0.65642	0.00000	0.00%	0.00%	0.000	0.00%	0.00%	0.000	SKIP	duplicate
2026-03-27 23:49:18	465	Strategy A ma_long: 190 → 175	0.65642	0.00000	0.00%	0.00%	0.000	0.00%	0.00%	0.000	SKIP	duplicate
2026-03-27 23:49:28	466	Regime ma_window: 130 → 140	0.65642	0.00000	0.00%	0.00%	0.000	0.00%	0.00%	0.000	SKIP	duplicate
2026-03-27 23:49:31	467	Strategy B max_position_pct: 0.70 → 0.65	0.65642	0.00000	0.00%	0.00%	0.000	0.00%	0.00%	0.000	SKIP	STRATEGY_B_CONFIG.max_position_pct=0.65 is a known dead end — skip
2026-03-27 23:49:40	468	Regime ma_window: 130 → 125	0.65642	0.00000	0.00%	0.00%	0.000	0.00%	0.00%	0.000	SKIP	duplicate
2026-03-27 23:49:49	469	Regime vix_bull: 18.0 → 17.0	0.65642	0.00000	0.00%	0.00%	0.000	0.00%	0.00%	0.000	SKIP	duplicate
2026-03-27 23:49:52	470	Strategy B crash_brake_pct: 0.30 → 0.40	0.65642	0.00000	0.00%	0.00%	0.000	0.00%	0.00%	0.000	SKIP	duplicate
2026-03-27 23:50:03	471	Strategy B crash_brake_pct: 0.30 → 0.35	0.65642	0.00000	0.00%	0.00%	0.000	0.00%	0.00%	0.000	SKIP	duplicate
2026-03-27 23:50:08	472	Strategy B vix_reentry: 22 → 20	0.65642	0.00000	0.00%	0.00%	0.000	0.00%	0.00%	0.000	SKIP	STRATEGY_B_CONFIG.vix_reentry=20 is a known dead end — skip
2026-03-27 23:50:11	473	Strategy B ma_long: 150 → 155	0.65642	0.00000	0.00%	0.00%	0.000	0.00%	0.00%	0.000	SKIP	STRATEGY_B_CONFIG.ma_long=155 is a known dead end — skip
2026-03-27 23:50:22	474	Strategy B confirm_bars: 4 → 5	0.65642	0.00000	0.00%	0.00%	0.000	0.00%	0.00%	0.000	SKIP	duplicate
2026-03-27 23:50:25	475	Strategy B ma_long: 150 → 160	0.65642	0.00000	0.00%	0.00%	0.000	0.00%	0.00%	0.000	SKIP	STRATEGY_B_CONFIG.ma_long=160 is a known dead end — skip
2026-03-27 23:50:35	476	Strategy A confirm_bars: 2 → 1	0.65642	0.00000	0.00%	0.00%	0.000	0.00%	0.00%	0.000	SKIP	duplicate
2026-03-27 23:50:38	477	Regime vix_smooth: 5 → 3	0.65642	0.00000	0.00%	0.00%	0.000	0.00%	0.00%	0.000	SKIP	duplicate
2026-03-27 23:50:49	478	Regime vix_smooth: 5 → 4	0.65642	0.00000	0.00%	0.00%	0.000	0.00%	0.00%	0.000	SKIP	duplicate
2026-03-27 23:50:52	479	Strategy B vix_reentry: 22 → 21	0.65642	0.00000	0.00%	0.00%	0.000	0.00%	0.00%	0.000	SKIP	STRATEGY_B_CONFIG.vix_reentry=21 is a known dead end — skip
2026-03-27 23:51:03	480	Strategy B vix_reentry: 22 → 23	0.65642	0.00000	0.00%	0.00%	0.000	0.00%	0.00%	0.000	SKIP	STRATEGY_B_CONFIG.vix_reentry=23 is a known dead end — skip
2026-03-27 23:51:07	481	Allocation high_vol: (0.25, 0.75) → (0.20, 0.80)	0.65642	0.00000	0.00%	0.00%	0.000	0.00%	0.00%	0.000	SKIP	duplicate
2026-03-27 23:51:15	482	Allocation high_vol: (0.25, 0.75) → (0.30, 0.70)	0.65642	0.00000	0.00%	0.00%	0.000	0.00%	0.00%	0.000	SKIP	duplicate
2026-03-27 23:51:20	483	Allocation high_vol: (0.25, 0.75) → (0.15, 0.85)	0.65642	0.00000	0.00%	0.00%	0.000	0.00%	0.00%	0.000	SKIP	duplicate
2026-03-27 23:51:28	484	Strategy A confirm_bars: 2 → 3	0.65642	0.00000	0.00%	0.00%	0.000	0.00%	0.00%	0.000	SKIP	duplicate
2026-03-27 23:51:36	485	Strategy A vix_exit: 25 → 26	0.65642	0.00000	0.00%	0.00%	0.000	0.00%	0.00%	0.000	SKIP	duplicate
2026-03-27 23:51:39	486	Strategy A vix_exit: 25 → 24	0.65642	0.00000	0.00%	0.00%	0.000	0.00%	0.00%	0.000	SKIP	Strategy A vix_reentry must be < vix_exit (re-enter before exit triggers again)
2026-03-27 23:51:49	487	Strategy A vix_reentry: 24 → 23	0.65642	0.00000	0.00%	0.00%	0.000	0.00%	0.00%	0.000	SKIP	duplicate
2026-03-27 23:51:53	488	Strategy A ma_long: 190 → 180	0.65642	0.00000	0.00%	0.00%	0.000	0.00%	0.00%	0.000	SKIP	duplicate
2026-03-27 23:52:02	489	Strategy A ma_long: 190 → 200	0.65642	0.00000	0.00%	0.00%	0.000	0.00%	0.00%	0.000	SKIP	duplicate
2026-03-27 23:52:06	490	Regime ma_window: 130 → 120	0.65642	0.00000	0.00%	0.00%	0.000	0.00%	0.00%	0.000	SKIP	duplicate
2026-03-27 23:52:16	491	Strategy B crash_brake_pct: 0.30 → 0.40	0.65642	0.00000	0.00%	0.00%	0.000	0.00%	0.00%	0.000	SKIP	duplicate
2026-03-27 23:52:19	492	Strategy B crash_brake_pct: 0.30 → 0.35	0.65642	0.00000	0.00%	0.00%	0.000	0.00%	0.00%	0.000	SKIP	duplicate
2026-03-27 23:52:28	493	Strategy B crash_brake_pct: 0.30 → 0.25	0.65642	0.00000	0.00%	0.00%	0.000	0.00%	0.00%	0.000	SKIP	duplicate
2026-03-27 23:52:35	494	Strategy B ma_long: 150 → 140	0.65642	0.00000	0.00%	0.00%	0.000	0.00%	0.00%	0.000	SKIP	duplicate
2026-03-27 23:52:43	495	Strategy B confirm_bars: 4 → 3	0.65642	0.00000	0.00%	0.00%	0.000	0.00%	0.00%	0.000	SKIP	duplicate
2026-03-27 23:52:46	496	Regime ma_window: 130 → 125	0.65642	0.00000	0.00%	0.00%	0.000	0.00%	0.00%	0.000	SKIP	duplicate
2026-03-27 23:52:57	497	Strategy B confirm_bars: 4 → 5	0.65642	0.00000	0.00%	0.00%	0.000	0.00%	0.00%	0.000	SKIP	duplicate
2026-03-27 23:53:00	498	Strategy B ma_long: 150 → 155	0.65642	0.00000	0.00%	0.00%	0.000	0.00%	0.00%	0.000	SKIP	STRATEGY_B_CONFIG.ma_long=155 is a known dead end — skip
2026-03-27 23:53:10	499	Regime vix_smooth: 5 → 3	0.65642	0.00000	0.00%	0.00%	0.000	0.00%	0.00%	0.000	SKIP	duplicate
2026-03-27 23:53:14	500	Regime vix_smooth: 5 → 4	0.65642	0.00000	0.00%	0.00%	0.000	0.00%	0.00%	0.000	SKIP	duplicate
2026-03-27 23:53:23	501	Regime vix_smooth: 5 → 6	0.65642	0.00000	0.00%	0.00%	0.000	0.00%	0.00%	0.000	SKIP	duplicate
2026-03-27 23:53:26	502	Regime vix_bull: 18.0 → 17.0	0.65642	0.00000	0.00%	0.00%	0.000	0.00%	0.00%	0.000	SKIP	duplicate
2026-03-27 23:53:38	503	Regime vix_smooth: 5 → 8	0.65642	0.56761	28.58%	36.11%	0.791	23.23%	57.05%	0.407	FAIL	Val period MaxDD is 57.1% (above veto ceiling of 65% but near constraint edge). The current vix_smooth=5 creates potentially reactive regime signals d
2026-03-27 23:53:42	504	Allocation high_vol: (0.25, 0.75) → (0.20, 0.80)	0.65642	0.00000	0.00%	0.00%	0.000	0.00%	0.00%	0.000	SKIP	duplicate
2026-03-27 23:53:50	505	Allocation high_vol: (0.25, 0.75) → (0.30, 0.70)	0.65642	0.00000	0.00%	0.00%	0.000	0.00%	0.00%	0.000	SKIP	duplicate
2026-03-27 23:53:53	506	Regime vix_hi_vol: 25.0 → 23.0	0.65642	0.00000	0.00%	0.00%	0.000	0.00%	0.00%	0.000	SKIP	duplicate
2026-03-27 23:54:03	507	Regime vix_hi_vol: 25.0 → 26.0	0.65642	0.00000	0.00%	0.00%	0.000	0.00%	0.00%	0.000	SKIP	duplicate
2026-03-27 23:54:08	508	Regime vix_bull: 18.0 → 16.0	0.65642	0.63336	29.14%	35.05%	0.831	27.48%	56.96%	0.482	FAIL	Val period Calmar is 0.530 vs train 0.813 — a 0.283 gap. The COVID crash (VIX=89) persists in val MaxDD. Lowering vix_bull from 18.0 to 16.0 shifts mo
2026-03-27 23:54:16	509	Strategy B vix_reentry: 22 → 20	0.65642	0.00000	0.00%	0.00%	0.000	0.00%	0.00%	0.000	SKIP	STRATEGY_B_CONFIG.vix_reentry=20 is a known dead end — skip
2026-03-27 23:54:19	510	Strategy A confirm_bars: 2 → 3	0.65642	0.00000	0.00%	0.00%	0.000	0.00%	0.00%	0.000	SKIP	duplicate
2026-03-27 23:54:31	511	Strategy A vix_exit: 25 → 26	0.65642	0.00000	0.00%	0.00%	0.000	0.00%	0.00%	0.000	SKIP	duplicate
2026-03-27 23:54:34	512	Strategy B crash_brake_pct: 0.30 → 0.40	0.65642	0.00000	0.00%	0.00%	0.000	0.00%	0.00%	0.000	SKIP	duplicate
2026-03-27 23:54:44	513	Strategy B crash_brake_pct: 0.30 → 0.35	0.65642	0.00000	0.00%	0.00%	0.000	0.00%	0.00%	0.000	SKIP	duplicate
2026-03-27 23:54:48	514	Strategy A vix_exit: 25 → 24	0.65642	0.00000	0.00%	0.00%	0.000	0.00%	0.00%	0.000	SKIP	Strategy A vix_reentry must be < vix_exit (re-enter before exit triggers again)
2026-03-27 23:54:56	515	Strategy B vix_exit: 28 → 27	0.65642	0.00000	0.00%	0.00%	0.000	0.00%	0.00%	0.000	SKIP	STRATEGY_B_CONFIG.vix_exit=27 is a known dead end — skip
2026-03-27 23:55:04	516	Strategy A ma_long: 190 → 175	0.65642	0.00000	0.00%	0.00%	0.000	0.00%	0.00%	0.000	SKIP	duplicate
2026-03-27 23:55:07	517	Strategy A confirm_bars: 2 → 1	0.65642	0.00000	0.00%	0.00%	0.000	0.00%	0.00%	0.000	SKIP	duplicate
2026-03-27 23:55:17	518	Strategy B ma_long: 150 → 160	0.65642	0.00000	0.00%	0.00%	0.000	0.00%	0.00%	0.000	SKIP	STRATEGY_B_CONFIG.ma_long=160 is a known dead end — skip
2026-03-27 23:55:24	519	Strategy B confirm_bars: 4 → 3	0.65642	0.00000	0.00%	0.00%	0.000	0.00%	0.00%	0.000	SKIP	duplicate
2026-03-27 23:55:27	520	Regime ma_window: 130 → 125	0.65642	0.00000	0.00%	0.00%	0.000	0.00%	0.00%	0.000	SKIP	duplicate
2026-03-27 23:55:38	521	Regime vix_smooth: 5 → 4	0.65642	0.00000	0.00%	0.00%	0.000	0.00%	0.00%	0.000	SKIP	duplicate
2026-03-27 23:55:41	522	Regime vix_smooth: 5 → 3	0.65642	0.00000	0.00%	0.00%	0.000	0.00%	0.00%	0.000	SKIP	duplicate
2026-03-27 23:55:50	523	Regime vix_smooth: 5 → 6	0.65642	0.00000	0.00%	0.00%	0.000	0.00%	0.00%	0.000	SKIP	duplicate
2026-03-27 23:55:58	524	Strategy B vix_reentry: 22 → 25	0.65642	0.00000	0.00%	0.00%	0.000	0.00%	0.00%	0.000	SKIP	Strategy B vix_reentry must be < vix_exit
2026-03-27 23:56:01	525	Allocation high_vol: (0.25, 0.75) → (0.20, 0.80)	0.65642	0.00000	0.00%	0.00%	0.000	0.00%	0.00%	0.000	SKIP	duplicate
2026-03-27 23:56:11	526	Strategy B ma_long: 150 → 140	0.65642	0.00000	0.00%	0.00%	0.000	0.00%	0.00%	0.000	SKIP	duplicate
2026-03-27 23:56:17	527	Strategy B ma_long: 150 → 155	0.65642	0.00000	0.00%	0.00%	0.000	0.00%	0.00%	0.000	SKIP	STRATEGY_B_CONFIG.ma_long=155 is a known dead end — skip
2026-03-27 23:56:25	528	Strategy B confirm_bars: 4 → 5	0.65642	0.00000	0.00%	0.00%	0.000	0.00%	0.00%	0.000	SKIP	duplicate
2026-03-27 23:56:28	529	Strategy B ma_long: 150 → 145	0.65642	0.00000	0.00%	0.00%	0.000	0.00%	0.00%	0.000	SKIP	duplicate
2026-03-27 23:56:38	530	Strategy A confirm_bars: 2 → 1	0.65642	0.00000	0.00%	0.00%	0.000	0.00%	0.00%	0.000	SKIP	duplicate
2026-03-27 23:56:41	531	Strategy B max_position_pct: 0.70 → 0.65	0.65642	0.00000	0.00%	0.00%	0.000	0.00%	0.00%	0.000	SKIP	STRATEGY_B_CONFIG.max_position_pct=0.65 is a known dead end — skip
2026-03-27 23:56:51	532	Strategy A vix_reentry: 24 → 23	0.65642	0.00000	0.00%	0.00%	0.000	0.00%	0.00%	0.000	SKIP	duplicate
2026-03-27 23:56:58	533	Strategy B crash_brake_pct: 0.30 → 0.40	0.65642	0.00000	0.00%	0.00%	0.000	0.00%	0.00%	0.000	SKIP	duplicate
2026-03-27 23:57:01	534	Strategy B crash_brake_pct: 0.30 → 0.35	0.65642	0.00000	0.00%	0.00%	0.000	0.00%	0.00%	0.000	SKIP	duplicate
2026-03-27 23:57:12	535	Strategy B crash_brake_pct: 0.30 → 0.25	0.65642	0.00000	0.00%	0.00%	0.000	0.00%	0.00%	0.000	SKIP	duplicate
2026-03-27 23:57:16	536	Strategy A vix_exit: 25 → 26	0.65642	0.00000	0.00%	0.00%	0.000	0.00%	0.00%	0.000	SKIP	duplicate
2026-03-27 23:57:24	537	Strategy A vix_exit: 25 → 24	0.65642	0.00000	0.00%	0.00%	0.000	0.00%	0.00%	0.000	SKIP	Strategy A vix_reentry must be < vix_exit (re-enter before exit triggers again)
2026-03-27 23:57:31	538	Strategy A confirm_bars: 2 → 3	0.65642	0.00000	0.00%	0.00%	0.000	0.00%	0.00%	0.000	SKIP	duplicate
2026-03-27 23:57:34	539	Strategy A ma_long: 190 → 200	0.65642	0.00000	0.00%	0.00%	0.000	0.00%	0.00%	0.000	SKIP	duplicate
2026-03-27 23:57:45	540	Strategy A confirm_bars: 2 → 1	0.65642	0.00000	0.00%	0.00%	0.000	0.00%	0.00%	0.000	SKIP	duplicate
2026-03-27 23:57:49	541	Regime ma_window: 130 → 120	0.65642	0.00000	0.00%	0.00%	0.000	0.00%	0.00%	0.000	SKIP	duplicate
2026-03-27 23:57:58	542	Regime ma_window: 130 → 125	0.65642	0.00000	0.00%	0.00%	0.000	0.00%	0.00%	0.000	SKIP	duplicate
2026-03-27 23:58:01	543	Regime vix_smooth: 5 → 3	0.65642	0.00000	0.00%	0.00%	0.000	0.00%	0.00%	0.000	SKIP	duplicate
2026-03-27 23:58:12	544	Regime vix_smooth: 5 → 4	0.65642	0.00000	0.00%	0.00%	0.000	0.00%	0.00%	0.000	SKIP	duplicate
2026-03-27 23:58:16	545	Regime vix_smooth: 5 → 6	0.65642	0.00000	0.00%	0.00%	0.000	0.00%	0.00%	0.000	SKIP	duplicate
2026-03-27 23:58:25	546	Allocation high_vol: (0.25, 0.75) → (0.20, 0.80)	0.65642	0.00000	0.00%	0.00%	0.000	0.00%	0.00%	0.000	SKIP	duplicate
2026-03-27 23:58:29	547	Regime vix_smooth: 5 → 9	0.65642	0.57807	28.73%	35.63%	0.806	23.47%	56.61%	0.414	FAIL	Val period includes COVID crash (VIX spike to 89). A longer VIX smoothing window (9 vs 5) will dampen false regime signals during extreme VIX volatili
